salary_id,employee_id,salary,effective_date,currency
1,1001,34233.0,2022-04-01,INR
2,1001,30942.0,2023-04-01,INR
3,1002,30024.0,2022-04-01,INR
4,1002,36728.0,2023-04-01,INR
5,1003,157200.0,2022-04-01,INR
6,1004,105574.0,2022-04-01,INR
7,1004,113366.0,2023-04-01,INR
8,1005,112061.0,2022-04-01,INR
9,1005,99662.0,2023-04-01,INR
10,1006,-5000.0,2022-04-01,INR
11,1007,129602.0,2022-04-01,INR
12,1008,69076.0,2022-04-01,INR
13,1008,61295.0,2023-04-01,INR
14,1009,77468.0,2022-04-01,INR
15,1009,70917.0,2023-04-01,INR
16,1010,109111.0,2022-04-01,INR
17,1011,94861.0,2022-04-01,INR
18,1011,109144.0,2023-04-01,INR
19,1012,59250.0,2022-04-01,INR
20,1013,0.0,2022-04-01,INR
21,1013,193331.0,2023-04-01,INR
22,1014,32814.0,2022-04-01,INR
23,1014,35132.0,2023-04-01,INR
24,1015,60639.0,2022-04-01,INR
25,1016,89239.0,2022-04-01,INR
26,1017,48574.0,2022-04-01,INR
27,1017,46133.0,2023-04-01,INR
28,1018,347204.0,2022-04-01,INR
29,1018,389968.0,2023-04-01,INR
30,1019,,2022-04-01,INR
31,1020,265976.0,2022-04-01,INR
32,1020,346877.0,2023-04-01,INR
33,1021,70466.0,2022-04-01,INR
34,1021,72121.0,2023-04-01,INR
35,1022,77367.0,2022-04-01,INR
36,1022,80135.0,2023-04-01,INR
37,1023,278801.0,2022-04-01,INR
38,1024,292958.0,2022-04-01,INR
39,1025,76453.0,2022-04-01,INR
40,1026,86344.0,2022-04-01,INR
41,1026,85051.0,2023-04-01,INR
42,1027,87174.0,2022-04-01,INR
43,1028,208586.0,2022-04-01,INR
44,1029,81913.0,2022-04-01,INR
45,1030,324462.0,2022-04-01,INR
46,1031,45398.0,2022-04-01,INR
47,1032,44447.0,2022-04-01,INR
48,1033,212292.0,2022-04-01,INR
49,1034,47317.0,2022-04-01,INR
50,1035,78018.0,2022-04-01,INR
51,1036,116124.0,2022-04-01,INR
52,1036,114229.0,2023-04-01,INR
53,1037,112600.0,2022-04-01,INR
54,1038,28741.0,2022-04-01,INR
55,1039,57907.0,2022-04-01,INR
56,1039,55659.0,2023-04-01,INR
57,1040,64043.0,2022-04-01,INR
58,1040,59546.0,2023-04-01,INR
59,1041,132452.0,2022-04-01,INR
60,1042,219384.0,2022-04-01,INR
61,1043,63561.0,2022-04-01,INR
62,1044,25997.0,2022-04-01,INR
63,1044,28403.0,2023-04-01,INR
64,1045,28996.0,2022-04-01,INR
65,1046,190426.0,2022-04-01,INR
66,1046,166440.0,2023-04-01,INR
67,1047,100448.0,2022-04-01,INR
68,1048,76436.0,2022-04-01,INR
69,1049,41907.0,2022-04-01,INR
70,1049,47240.0,2023-04-01,INR
71,1050,191197.0,2022-04-01,INR
72,1051,56636.0,2022-04-01,INR
73,1052,89604.0,2022-04-01,INR
74,1053,298632.0,2022-04-01,INR
75,1053,369246.0,2023-04-01,INR
76,1054,89061.0,2022-04-01,INR
77,1055,249235.0,2022-04-01,INR
78,1055,336035.0,2023-04-01,INR
79,1056,198596.0,2022-04-01,INR
80,1057,220129.0,2022-04-01,INR
81,1057,285994.0,2023-04-01,INR
82,1058,159410.0,2022-04-01,INR
83,1058,137743.0,2023-04-01,INR
84,1059,385446.0,2022-04-01,INR
85,1059,266276.0,2023-04-01,INR
86,1060,352983.0,2022-04-01,INR
87,1060,346688.0,2023-04-01,INR
88,1061,50572.0,2022-04-01,INR
89,1061,44909.0,2023-04-01,INR
90,1062,216836.0,2022-04-01,INR
91,1062,194877.0,2023-04-01,INR
92,1063,30589.0,2022-04-01,INR
93,1064,204423.0,2022-04-01,INR
94,1064,196783.0,2023-04-01,INR
95,1065,384081.0,2022-04-01,INR
96,1065,335354.0,2023-04-01,INR
97,1066,37396.0,2022-04-01,INR
98,1067,32988.0,2022-04-01,INR
99,1068,180919.0,2022-04-01,INR
100,1069,33122.0,2022-04-01,INR
101,1069,27672.0,2023-04-01,INR
102,1070,26074.0,2022-04-01,INR
103,1071,112052.0,2022-04-01,INR
104,1071,99982.0,2023-04-01,INR
105,1072,118246.0,2022-04-01,INR
106,1073,101220.0,2022-04-01,INR
107,1073,110902.0,2023-04-01,INR
108,1074,132687.0,2022-04-01,INR
109,1075,280765.0,2022-04-01,INR
110,1076,100066.0,2022-04-01,INR
111,1077,303890.0,2022-04-01,INR
112,1077,359041.0,2023-04-01,INR
113,1078,246979.0,2022-04-01,INR
114,1078,399502.0,2023-04-01,INR
115,1079,89972.0,2022-04-01,INR
116,1079,76890.0,2023-04-01,INR
117,1080,304873.0,2022-04-01,INR
118,1081,76288.0,2022-04-01,INR
119,1082,131257.0,2022-04-01,INR
120,1082,130350.0,2023-04-01,INR
121,1083,80671.0,2022-04-01,INR
122,1084,111413.0,2022-04-01,INR
123,1084,109504.0,2023-04-01,INR
124,1085,37775.0,2022-04-01,INR
125,1085,36902.0,2023-04-01,INR
126,1086,279958.0,2022-04-01,INR
127,1086,288905.0,2023-04-01,INR
128,1087,69028.0,2022-04-01,INR
129,1087,68671.0,2023-04-01,INR
130,1088,31075.0,2022-04-01,INR
131,1088,27375.0,2023-04-01,INR
132,1089,80935.0,2022-04-01,INR
133,1089,81597.0,2023-04-01,INR
134,1090,32368.0,2022-04-01,INR
135,1090,30046.0,2023-04-01,INR
136,1091,88457.0,2022-04-01,INR
137,1091,82895.0,2023-04-01,INR
138,1092,221487.0,2022-04-01,INR
139,1092,325927.0,2023-04-01,INR
140,1093,83395.0,2022-04-01,INR
141,1094,111161.0,2022-04-01,INR
142,1094,116390.0,2023-04-01,INR
143,1095,339770.0,2022-04-01,INR
144,1096,25319.0,2022-04-01,INR
145,1096,38410.0,2023-04-01,INR
146,1097,28417.0,2022-04-01,INR
147,1098,99659.0,2022-04-01,INR
148,1098,117281.0,2023-04-01,INR
149,1099,121551.0,2022-04-01,INR
150,1099,141092.0,2023-04-01,INR
151,1100,211833.0,2022-04-01,INR
152,1100,185061.0,2023-04-01,INR
153,1101,49143.0,2022-04-01,INR
154,1101,49174.0,2023-04-01,INR
155,1102,134088.0,2022-04-01,INR
156,1103,69031.0,2022-04-01,INR
157,1103,59488.0,2023-04-01,INR
158,1104,26219.0,2022-04-01,INR
159,1105,57628.0,2022-04-01,INR
160,1106,345745.0,2022-04-01,INR
161,1106,375435.0,2023-04-01,INR
162,1107,163014.0,2022-04-01,INR
163,1107,211198.0,2023-04-01,INR
164,1108,66268.0,2022-04-01,INR
165,1108,69891.0,2023-04-01,INR
166,1109,136373.0,2022-04-01,INR
167,1109,138359.0,2023-04-01,INR
168,1110,235549.0,2022-04-01,INR
169,1110,246591.0,2023-04-01,INR
170,1111,142458.0,2022-04-01,INR
171,1112,63812.0,2022-04-01,INR
172,1112,61053.0,2023-04-01,INR
173,1113,178627.0,2022-04-01,INR
174,1113,167276.0,2023-04-01,INR
175,1114,42200.0,2022-04-01,INR
176,1114,54431.0,2023-04-01,INR
177,1115,45317.0,2022-04-01,INR
178,1116,129946.0,2022-04-01,INR
179,1116,129857.0,2023-04-01,INR
180,1117,64405.0,2022-04-01,INR
181,1117,58276.0,2023-04-01,INR
182,1118,104360.0,2022-04-01,INR
183,1119,141485.0,2022-04-01,INR
184,1120,365928.0,2022-04-01,INR
185,1120,359205.0,2023-04-01,INR
186,1121,205191.0,2022-04-01,INR
187,1121,161432.0,2023-04-01,INR
188,1122,72228.0,2022-04-01,INR
189,1123,143673.0,2022-04-01,INR
190,1123,149218.0,2023-04-01,INR
191,1124,58016.0,2022-04-01,INR
192,1125,105346.0,2022-04-01,INR
193,1125,97460.0,2023-04-01,INR
194,1126,81868.0,2022-04-01,INR
195,1126,80912.0,2023-04-01,INR
196,1127,51102.0,2022-04-01,INR
197,1128,29183.0,2022-04-01,INR
198,1128,34889.0,2023-04-01,INR
199,1129,169192.0,2022-04-01,INR
200,1130,83460.0,2022-04-01,INR
201,1131,185972.0,2022-04-01,INR
202,1131,212826.0,2023-04-01,INR
203,1132,232591.0,2022-04-01,INR
204,1132,358516.0,2023-04-01,INR
205,1133,219833.0,2022-04-01,INR
206,1134,121061.0,2022-04-01,INR
207,1134,157074.0,2023-04-01,INR
208,1135,71051.0,2022-04-01,INR
209,1135,86522.0,2023-04-01,INR
210,1136,115891.0,2022-04-01,INR
211,1136,107655.0,2023-04-01,INR
212,1137,138523.0,2022-04-01,INR
213,1137,157671.0,2023-04-01,INR
214,1138,50393.0,2022-04-01,INR
215,1138,41099.0,2023-04-01,INR
216,1139,108523.0,2022-04-01,INR
217,1140,49147.0,2022-04-01,INR
218,1141,63712.0,2022-04-01,INR
219,1142,212336.0,2022-04-01,INR
220,1143,157612.0,2022-04-01,INR
221,1144,109989.0,2022-04-01,INR
222,1144,111304.0,2023-04-01,INR
223,1145,209277.0,2022-04-01,INR
224,1146,52568.0,2022-04-01,INR
225,1147,79072.0,2022-04-01,INR
226,1147,85260.0,2023-04-01,INR
227,1148,119142.0,2022-04-01,INR
228,1148,118853.0,2023-04-01,INR
229,1149,111313.0,2022-04-01,INR
230,1150,164785.0,2022-04-01,INR
231,1150,171906.0,2023-04-01,INR
232,1151,339025.0,2022-04-01,INR
233,1151,358337.0,2023-04-01,INR
234,1152,69571.0,2022-04-01,INR
235,1152,55351.0,2023-04-01,INR
236,1153,370664.0,2022-04-01,INR
237,1153,297021.0,2023-04-01,INR
238,1154,383496.0,2022-04-01,INR
239,1155,70618.0,2022-04-01,INR
240,1155,70279.0,2023-04-01,INR
241,1156,30281.0,2022-04-01,INR
242,1157,129862.0,2022-04-01,INR
243,1157,136964.0,2023-04-01,INR
244,1158,158297.0,2022-04-01,INR
245,1159,154889.0,2022-04-01,INR
246,1159,149999.0,2023-04-01,INR
247,1160,210457.0,2022-04-01,INR
248,1161,69634.0,2022-04-01,INR
249,1161,69423.0,2023-04-01,INR
250,1162,43094.0,2022-04-01,INR
251,1163,274039.0,2022-04-01,INR
252,1164,267601.0,2022-04-01,INR
253,1164,246449.0,2023-04-01,INR
254,1165,48739.0,2022-04-01,INR
255,1166,52770.0,2022-04-01,INR
256,1167,87697.0,2022-04-01,INR
257,1168,124539.0,2022-04-01,INR
258,1168,141460.0,2023-04-01,INR
259,1169,58770.0,2022-04-01,INR
260,1169,65783.0,2023-04-01,INR
261,1170,133218.0,2022-04-01,INR
262,1171,42675.0,2022-04-01,INR
263,1171,46951.0,2023-04-01,INR
264,1172,43817.0,2022-04-01,INR
265,1172,43559.0,2023-04-01,INR
266,1173,121788.0,2022-04-01,INR
267,1173,128998.0,2023-04-01,INR
268,1174,74034.0,2022-04-01,INR
269,1174,82291.0,2023-04-01,INR
270,1175,62273.0,2022-04-01,INR
271,1176,184930.0,2022-04-01,INR
272,1177,84641.0,2022-04-01,INR
273,1178,103080.0,2022-04-01,INR
274,1178,96508.0,2023-04-01,INR
275,1179,319747.0,2022-04-01,INR
276,1180,244340.0,2022-04-01,INR
277,1181,33301.0,2022-04-01,INR
278,1182,75337.0,2022-04-01,INR
279,1183,251551.0,2022-04-01,INR
280,1184,114269.0,2022-04-01,INR
281,1184,109819.0,2023-04-01,INR
282,1185,52282.0,2022-04-01,INR
283,1185,45191.0,2023-04-01,INR
284,1186,28129.0,2022-04-01,INR
285,1186,28446.0,2023-04-01,INR
286,1187,153220.0,2022-04-01,INR
287,1188,32831.0,2022-04-01,INR
288,1188,29182.0,2023-04-01,INR
289,1189,32486.0,2022-04-01,INR
290,1190,25118.0,2022-04-01,INR
291,1191,68163.0,2022-04-01,INR
292,1191,61881.0,2023-04-01,INR
293,1192,73278.0,2022-04-01,INR
294,1192,81622.0,2023-04-01,INR
295,1193,80157.0,2022-04-01,INR
296,1193,72139.0,2023-04-01,INR
297,1194,215561.0,2022-04-01,INR
298,1194,202729.0,2023-04-01,INR
299,1195,97515.0,2022-04-01,INR
300,1195,112977.0,2023-04-01,INR
301,1196,50656.0,2022-04-01,INR
302,1197,343564.0,2022-04-01,INR
303,1197,224154.0,2023-04-01,INR
304,1198,36954.0,2022-04-01,INR
305,1198,35606.0,2023-04-01,INR
306,1199,231893.0,2022-04-01,INR
307,1199,256893.0,2023-04-01,INR
308,1200,27905.0,2022-04-01,INR
309,1201,57096.0,2022-04-01,INR
310,1202,57297.0,2022-04-01,INR
311,1203,114978.0,2022-04-01,INR
312,1203,91277.0,2023-04-01,INR
313,1204,64768.0,2022-04-01,INR
314,1205,118388.0,2022-04-01,INR
315,1206,61089.0,2022-04-01,INR
316,1206,65118.0,2023-04-01,INR
317,1207,68488.0,2022-04-01,INR
318,1207,57580.0,2023-04-01,INR
319,1208,171299.0,2022-04-01,INR
320,1208,171445.0,2023-04-01,INR
321,1209,131902.0,2022-04-01,INR
322,1210,69402.0,2022-04-01,INR
323,1210,56792.0,2023-04-01,INR
324,1211,40491.0,2022-04-01,INR
325,1212,58343.0,2022-04-01,INR
326,1212,60014.0,2023-04-01,INR
327,1213,110490.0,2022-04-01,INR
328,1213,102228.0,2023-04-01,INR
329,1214,80520.0,2022-04-01,INR
330,1214,70933.0,2023-04-01,INR
331,1215,306922.0,2022-04-01,INR
332,1216,150834.0,2022-04-01,INR
333,1217,74729.0,2022-04-01,INR
334,1218,91523.0,2022-04-01,INR
335,1218,107677.0,2023-04-01,INR
336,1219,67492.0,2022-04-01,INR
337,1219,64805.0,2023-04-01,INR
338,1220,170365.0,2022-04-01,INR
339,1221,90489.0,2022-04-01,INR
340,1222,69699.0,2022-04-01,INR
341,1222,58648.0,2023-04-01,INR
342,1223,83758.0,2022-04-01,INR
343,1224,41841.0,2022-04-01,INR
344,1225,62609.0,2022-04-01,INR
345,1225,61800.0,2023-04-01,INR
346,1226,128808.0,2022-04-01,INR
347,1226,159535.0,2023-04-01,INR
348,1227,140409.0,2022-04-01,INR
349,1228,32692.0,2022-04-01,INR
350,1228,39738.0,2023-04-01,INR
351,1229,253606.0,2022-04-01,INR
352,1229,304640.0,2023-04-01,INR
353,1230,200213.0,2022-04-01,INR
354,1230,203806.0,2023-04-01,INR
355,1231,345249.0,2022-04-01,INR
356,1232,37267.0,2022-04-01,INR
357,1232,38616.0,2023-04-01,INR
358,1233,252986.0,2022-04-01,INR
359,1234,106866.0,2022-04-01,INR
360,1235,257380.0,2022-04-01,INR
361,1236,125386.0,2022-04-01,INR
362,1237,325863.0,2022-04-01,INR
363,1238,54531.0,2022-04-01,INR
364,1238,50076.0,2023-04-01,INR
365,1239,44092.0,2022-04-01,INR
366,1240,285711.0,2022-04-01,INR
367,1241,51960.0,2022-04-01,INR
368,1242,30384.0,2022-04-01,INR
369,1242,36640.0,2023-04-01,INR
370,1243,50950.0,2022-04-01,INR
371,1243,49679.0,2023-04-01,INR
372,1244,254526.0,2022-04-01,INR
373,1244,305968.0,2023-04-01,INR
374,1245,61140.0,2022-04-01,INR
375,1245,65833.0,2023-04-01,INR
376,1246,197969.0,2022-04-01,INR
377,1247,320933.0,2022-04-01,INR
378,1248,116024.0,2022-04-01,INR
379,1249,42984.0,2022-04-01,INR
380,1250,94684.0,2022-04-01,INR
381,1251,135586.0,2022-04-01,INR
382,1252,146002.0,2022-04-01,INR
383,1253,120767.0,2022-04-01,INR
384,1253,157492.0,2023-04-01,INR
385,1254,346837.0,2022-04-01,INR
386,1254,310151.0,2023-04-01,INR
387,1255,35300.0,2022-04-01,INR
388,1256,84814.0,2022-04-01,INR
389,1256,77039.0,2023-04-01,INR
390,1257,50179.0,2022-04-01,INR
391,1257,44305.0,2023-04-01,INR
392,1258,167721.0,2022-04-01,INR
393,1258,208821.0,2023-04-01,INR
394,1259,65739.0,2022-04-01,INR
395,1259,67591.0,2023-04-01,INR
396,1260,182102.0,2022-04-01,INR
397,1260,218492.0,2023-04-01,INR
398,1261,78365.0,2022-04-01,INR
399,1262,38221.0,2022-04-01,INR
400,1262,39286.0,2023-04-01,INR
401,1263,87986.0,2022-04-01,INR
402,1263,84952.0,2023-04-01,INR
403,1264,111889.0,2022-04-01,INR
404,1265,67505.0,2022-04-01,INR
405,1265,63504.0,2023-04-01,INR
406,1266,164136.0,2022-04-01,INR
407,1266,211246.0,2023-04-01,INR
408,1267,83976.0,2022-04-01,INR
409,1267,70832.0,2023-04-01,INR
410,1268,56549.0,2022-04-01,INR
411,1269,149978.0,2022-04-01,INR
412,1270,41970.0,2022-04-01,INR
413,1271,27069.0,2022-04-01,INR
414,1271,39308.0,2023-04-01,INR
415,1272,80060.0,2022-04-01,INR
416,1272,84829.0,2023-04-01,INR
417,1273,156260.0,2022-04-01,INR
418,1273,125437.0,2023-04-01,INR
419,1274,83027.0,2022-04-01,INR
420,1275,94643.0,2022-04-01,INR
421,1276,70547.0,2022-04-01,INR
422,1277,143195.0,2022-04-01,INR
423,1278,49222.0,2022-04-01,INR
424,1279,68111.0,2022-04-01,INR
425,1280,33838.0,2022-04-01,INR
426,1280,28775.0,2023-04-01,INR
427,1281,184541.0,2022-04-01,INR
428,1282,126562.0,2022-04-01,INR
429,1283,77414.0,2022-04-01,INR
430,1284,361773.0,2022-04-01,INR
431,1285,133251.0,2022-04-01,INR
432,1285,138246.0,2023-04-01,INR
433,1286,46567.0,2022-04-01,INR
434,1287,61386.0,2022-04-01,INR
435,1287,69761.0,2023-04-01,INR
436,1288,151230.0,2022-04-01,INR
437,1288,150671.0,2023-04-01,INR
438,1289,168920.0,2022-04-01,INR
439,1289,207287.0,2023-04-01,INR
440,1290,90011.0,2022-04-01,INR
441,1290,92453.0,2023-04-01,INR
442,1291,206421.0,2022-04-01,INR
443,1291,196422.0,2023-04-01,INR
444,1292,173680.0,2022-04-01,INR
445,1292,208068.0,2023-04-01,INR
446,1293,91940.0,2022-04-01,INR
447,1294,256779.0,2022-04-01,INR
448,1294,257694.0,2023-04-01,INR
449,1295,53474.0,2022-04-01,INR
450,1295,42625.0,2023-04-01,INR
451,1296,46410.0,2022-04-01,INR
452,1297,111170.0,2022-04-01,INR
453,1298,102812.0,2022-04-01,INR
454,1298,109379.0,2023-04-01,INR
455,1299,78145.0,2022-04-01,INR
456,1300,164622.0,2022-04-01,INR
457,1300,174831.0,2023-04-01,INR
458,1301,74601.0,2022-04-01,INR
459,1301,83154.0,2023-04-01,INR
460,1302,89199.0,2022-04-01,INR
461,1303,58372.0,2022-04-01,INR
462,1304,169332.0,2022-04-01,INR
463,1304,204055.0,2023-04-01,INR
464,1305,209845.0,2022-04-01,INR
465,1305,181461.0,2023-04-01,INR
466,1306,127686.0,2022-04-01,INR
467,1307,33589.0,2022-04-01,INR
468,1307,26681.0,2023-04-01,INR
469,1308,97608.0,2022-04-01,INR
470,1308,111640.0,2023-04-01,INR
471,1309,59895.0,2022-04-01,INR
472,1309,68471.0,2023-04-01,INR
473,1310,63867.0,2022-04-01,INR
474,1311,42517.0,2022-04-01,INR
475,1311,41153.0,2023-04-01,INR
476,1312,54339.0,2022-04-01,INR
477,1312,44458.0,2023-04-01,INR
478,1313,61250.0,2022-04-01,INR
479,1314,167394.0,2022-04-01,INR
480,1314,201084.0,2023-04-01,INR
481,1315,83956.0,2022-04-01,INR
482,1315,89168.0,2023-04-01,INR
483,1316,85967.0,2022-04-01,INR
484,1317,174721.0,2022-04-01,INR
485,1317,194264.0,2023-04-01,INR
486,1318,41451.0,2022-04-01,INR
487,1319,58953.0,2022-04-01,INR
488,1319,69243.0,2023-04-01,INR
489,1320,333371.0,2022-04-01,INR
490,1320,330539.0,2023-04-01,INR
491,1321,126893.0,2022-04-01,INR
492,1322,215202.0,2022-04-01,INR
493,1322,207451.0,2023-04-01,INR
494,1323,69823.0,2022-04-01,INR
495,1323,59123.0,2023-04-01,INR
496,1324,103750.0,2022-04-01,INR
497,1324,111855.0,2023-04-01,INR
498,1325,143374.0,2022-04-01,INR
499,1325,125445.0,2023-04-01,INR
500,1326,73313.0,2022-04-01,INR
501,1327,43977.0,2022-04-01,INR
502,1327,49597.0,2023-04-01,INR
503,1328,77254.0,2022-04-01,INR
504,1328,89368.0,2023-04-01,INR
505,1329,111811.0,2022-04-01,INR
506,1329,98708.0,2023-04-01,INR
507,1330,67794.0,2022-04-01,INR
508,1331,108372.0,2022-04-01,INR
509,1331,109878.0,2023-04-01,INR
510,1332,109877.0,2022-04-01,INR
511,1332,107005.0,2023-04-01,INR
512,1333,231036.0,2022-04-01,INR
513,1333,377722.0,2023-04-01,INR
514,1334,89344.0,2022-04-01,INR
515,1335,157724.0,2022-04-01,INR
516,1336,250794.0,2022-04-01,INR
517,1337,101819.0,2022-04-01,INR
518,1338,213430.0,2022-04-01,INR
519,1338,185804.0,2023-04-01,INR
520,1339,311043.0,2022-04-01,INR
521,1340,53962.0,2022-04-01,INR
522,1340,47548.0,2023-04-01,INR
523,1341,46532.0,2022-04-01,INR
524,1342,65962.0,2022-04-01,INR
525,1342,69878.0,2023-04-01,INR
526,1343,58539.0,2022-04-01,INR
527,1344,40395.0,2022-04-01,INR
528,1345,93237.0,2022-04-01,INR
529,1345,99577.0,2023-04-01,INR
530,1346,70929.0,2022-04-01,INR
531,1346,84962.0,2023-04-01,INR
532,1347,314001.0,2022-04-01,INR
533,1347,399047.0,2023-04-01,INR
534,1348,183093.0,2022-04-01,INR
535,1348,176298.0,2023-04-01,INR
536,1349,104614.0,2022-04-01,INR
537,1349,115680.0,2023-04-01,INR
538,1350,181267.0,2022-04-01,INR
539,1351,78623.0,2022-04-01,INR
540,1351,75262.0,2023-04-01,INR
541,1352,196600.0,2022-04-01,INR
542,1353,37135.0,2022-04-01,INR
543,1353,31575.0,2023-04-01,INR
544,1354,265103.0,2022-04-01,INR
545,1354,351029.0,2023-04-01,INR
546,1355,45468.0,2022-04-01,INR
547,1356,50099.0,2022-04-01,INR
548,1356,48818.0,2023-04-01,INR
549,1357,100372.0,2022-04-01,INR
550,1358,26659.0,2022-04-01,INR
551,1358,39977.0,2023-04-01,INR
552,1359,35476.0,2022-04-01,INR
553,1360,140507.0,2022-04-01,INR
554,1360,152584.0,2023-04-01,INR
555,1361,37395.0,2022-04-01,INR
556,1362,272992.0,2022-04-01,INR
557,1362,289384.0,2023-04-01,INR
558,1363,142976.0,2022-04-01,INR
559,1363,142085.0,2023-04-01,INR
560,1364,218705.0,2022-04-01,INR
561,1364,183688.0,2023-04-01,INR
562,1365,95522.0,2022-04-01,INR
563,1366,90521.0,2022-04-01,INR
564,1366,93652.0,2023-04-01,INR
565,1367,49532.0,2022-04-01,INR
566,1368,69890.0,2022-04-01,INR
567,1368,63292.0,2023-04-01,INR
568,1369,114797.0,2022-04-01,INR
569,1369,108347.0,2023-04-01,INR
570,1370,61520.0,2022-04-01,INR
571,1371,96508.0,2022-04-01,INR
572,1372,125933.0,2022-04-01,INR
573,1373,68962.0,2022-04-01,INR
574,1373,59315.0,2023-04-01,INR
575,1374,51729.0,2022-04-01,INR
576,1375,194919.0,2022-04-01,INR
577,1375,183186.0,2023-04-01,INR
578,1376,254873.0,2022-04-01,INR
579,1376,320988.0,2023-04-01,INR
580,1377,215378.0,2022-04-01,INR
581,1378,88681.0,2022-04-01,INR
582,1378,72693.0,2023-04-01,INR
583,1379,97367.0,2022-04-01,INR
584,1379,104501.0,2023-04-01,INR
585,1380,176115.0,2022-04-01,INR
586,1381,394986.0,2022-04-01,INR
587,1382,70863.0,2022-04-01,INR
588,1382,86203.0,2023-04-01,INR
589,1383,53651.0,2022-04-01,INR
590,1384,176079.0,2022-04-01,INR
591,1385,32214.0,2022-04-01,INR
592,1386,94763.0,2022-04-01,INR
593,1387,297802.0,2022-04-01,INR
594,1388,25340.0,2022-04-01,INR
595,1389,214914.0,2022-04-01,INR
596,1389,188767.0,2023-04-01,INR
597,1390,196459.0,2022-04-01,INR
598,1390,196125.0,2023-04-01,INR
599,1391,61755.0,2022-04-01,INR
600,1392,38892.0,2022-04-01,INR
601,1393,157713.0,2022-04-01,INR
602,1393,145369.0,2023-04-01,INR
603,1394,143853.0,2022-04-01,INR
604,1394,137272.0,2023-04-01,INR
605,1395,46065.0,2022-04-01,INR
606,1395,45972.0,2023-04-01,INR
607,1396,180981.0,2022-04-01,INR
608,1397,240195.0,2022-04-01,INR
609,1397,255256.0,2023-04-01,INR
610,1398,39089.0,2022-04-01,INR
611,1398,38556.0,2023-04-01,INR
612,1399,53034.0,2022-04-01,INR
613,1400,56583.0,2022-04-01,INR
614,1401,87542.0,2022-04-01,INR
615,1401,80272.0,2023-04-01,INR
616,1402,212904.0,2022-04-01,INR
617,1403,51798.0,2022-04-01,INR
618,1404,113513.0,2022-04-01,INR
619,1404,113007.0,2023-04-01,INR
620,1405,105246.0,2022-04-01,INR
621,1406,370538.0,2022-04-01,INR
622,1406,233946.0,2023-04-01,INR
623,1407,35138.0,2022-04-01,INR
624,1407,32174.0,2023-04-01,INR
625,1408,34683.0,2022-04-01,INR
626,1408,32146.0,2023-04-01,INR
627,1409,42807.0,2022-04-01,INR
628,1410,88348.0,2022-04-01,INR
629,1411,64158.0,2022-04-01,INR
630,1411,65654.0,2023-04-01,INR
631,1412,142780.0,2022-04-01,INR
632,1413,69214.0,2022-04-01,INR
633,1413,66572.0,2023-04-01,INR
634,1414,124179.0,2022-04-01,INR
635,1415,92143.0,2022-04-01,INR
636,1415,113555.0,2023-04-01,INR
637,1416,369357.0,2022-04-01,INR
638,1416,286063.0,2023-04-01,INR
639,1417,376693.0,2022-04-01,INR
640,1418,148234.0,2022-04-01,INR
641,1418,128739.0,2023-04-01,INR
642,1419,174103.0,2022-04-01,INR
643,1419,203371.0,2023-04-01,INR
644,1420,180304.0,2022-04-01,INR
645,1420,195284.0,2023-04-01,INR
646,1421,30415.0,2022-04-01,INR
647,1421,28810.0,2023-04-01,INR
648,1422,169452.0,2022-04-01,INR
649,1422,210220.0,2023-04-01,INR
650,1423,221776.0,2022-04-01,INR
651,1423,379801.0,2023-04-01,INR
652,1424,51667.0,2022-04-01,INR
653,1425,89249.0,2022-04-01,INR
654,1425,73921.0,2023-04-01,INR
655,1426,65057.0,2022-04-01,INR
656,1427,194719.0,2022-04-01,INR
657,1428,51966.0,2022-04-01,INR
658,1428,42641.0,2023-04-01,INR
659,1429,136305.0,2022-04-01,INR
660,1430,75938.0,2022-04-01,INR
661,1431,111279.0,2022-04-01,INR
662,1432,73915.0,2022-04-01,INR
663,1432,80872.0,2023-04-01,INR
664,1433,56542.0,2022-04-01,INR
665,1434,49404.0,2022-04-01,INR
666,1434,51484.0,2023-04-01,INR
667,1435,116375.0,2022-04-01,INR
668,1435,103355.0,2023-04-01,INR
669,1436,85545.0,2022-04-01,INR
670,1436,74538.0,2023-04-01,INR
671,1437,75996.0,2022-04-01,INR
672,1437,73141.0,2023-04-01,INR
673,1438,143275.0,2022-04-01,INR
674,1438,131626.0,2023-04-01,INR
675,1439,69402.0,2022-04-01,INR
676,1439,59128.0,2023-04-01,INR
677,1440,165946.0,2022-04-01,INR
678,1440,172095.0,2023-04-01,INR
679,1441,146307.0,2022-04-01,INR
680,1441,133146.0,2023-04-01,INR
681,1442,143016.0,2022-04-01,INR
682,1443,30565.0,2022-04-01,INR
683,1444,67317.0,2022-04-01,INR
684,1444,56540.0,2023-04-01,INR
685,1445,70668.0,2022-04-01,INR
686,1445,89862.0,2023-04-01,INR
687,1446,34127.0,2022-04-01,INR
688,1447,36185.0,2022-04-01,INR
689,1448,93129.0,2022-04-01,INR
690,1448,95521.0,2023-04-01,INR
691,1449,48669.0,2022-04-01,INR
692,1450,40076.0,2022-04-01,INR
693,1451,82607.0,2022-04-01,INR
694,1451,80035.0,2023-04-01,INR
695,1452,88614.0,2022-04-01,INR
696,1453,54079.0,2022-04-01,INR
697,1453,41136.0,2023-04-01,INR
698,1454,96176.0,2022-04-01,INR
699,1455,57978.0,2022-04-01,INR
700,1455,63768.0,2023-04-01,INR
701,1456,30656.0,2022-04-01,INR
702,1457,118576.0,2022-04-01,INR
703,1458,199303.0,2022-04-01,INR
704,1459,34404.0,2022-04-01,INR
705,1459,27898.0,2023-04-01,INR
706,1460,206292.0,2022-04-01,INR
707,1460,215441.0,2023-04-01,INR
708,1461,193248.0,2022-04-01,INR
709,1462,149170.0,2022-04-01,INR
710,1463,200768.0,2022-04-01,INR
711,1464,63807.0,2022-04-01,INR
712,1465,80212.0,2022-04-01,INR
713,1466,248252.0,2022-04-01,INR
714,1466,311502.0,2023-04-01,INR
715,1467,34668.0,2022-04-01,INR
716,1468,119498.0,2022-04-01,INR
717,1469,86307.0,2022-04-01,INR
718,1470,89775.0,2022-04-01,INR
719,1471,65046.0,2022-04-01,INR
720,1472,189797.0,2022-04-01,INR
721,1472,203154.0,2023-04-01,INR
722,1473,52846.0,2022-04-01,INR
723,1473,47338.0,2023-04-01,INR
724,1474,35956.0,2022-04-01,INR
725,1475,60543.0,2022-04-01,INR
726,1476,143966.0,2022-04-01,INR
727,1477,77846.0,2022-04-01,INR
728,1478,43085.0,2022-04-01,INR
729,1478,53009.0,2023-04-01,INR
730,1479,25681.0,2022-04-01,INR
731,1479,30870.0,2023-04-01,INR
732,1480,105742.0,2022-04-01,INR
733,1481,117779.0,2022-04-01,INR
734,1482,203483.0,2022-04-01,INR
735,1483,154559.0,2022-04-01,INR
736,1483,156896.0,2023-04-01,INR
737,1484,155807.0,2022-04-01,INR
738,1484,133168.0,2023-04-01,INR
739,1485,45248.0,2022-04-01,INR
740,1485,42219.0,2023-04-01,INR
741,1486,115019.0,2022-04-01,INR
742,1486,96489.0,2023-04-01,INR
743,1487,65261.0,2022-04-01,INR
744,1487,61984.0,2023-04-01,INR
745,1488,148517.0,2022-04-01,INR
746,1488,144711.0,2023-04-01,INR
747,1489,192143.0,2022-04-01,INR
748,1490,86096.0,2022-04-01,INR
749,1491,80535.0,2022-04-01,INR
750,1492,109977.0,2022-04-01,INR
751,1492,102740.0,2023-04-01,INR
752,1493,86305.0,2022-04-01,INR
753,1493,79410.0,2023-04-01,INR
754,1494,87286.0,2022-04-01,INR
755,1495,58081.0,2022-04-01,INR
756,1496,100063.0,2022-04-01,INR
757,1497,202004.0,2022-04-01,INR
758,1498,37111.0,2022-04-01,INR
759,1498,25785.0,2023-04-01,INR
760,1499,91546.0,2022-04-01,INR
761,1500,61306.0,2022-04-01,INR
762,1500,58084.0,2023-04-01,INR
763,1501,155242.0,2022-04-01,INR
764,1501,123436.0,2023-04-01,INR
765,1502,208400.0,2022-04-01,INR
766,1502,193316.0,2023-04-01,INR
767,1503,63335.0,2022-04-01,INR
768,1504,36159.0,2022-04-01,INR
769,1504,36455.0,2023-04-01,INR
770,1505,77028.0,2022-04-01,INR
771,1506,104982.0,2022-04-01,INR
772,1507,119240.0,2022-04-01,INR
773,1508,140991.0,2022-04-01,INR
774,1509,133343.0,2022-04-01,INR
775,1510,43387.0,2022-04-01,INR
776,1510,49357.0,2023-04-01,INR
777,1511,40741.0,2022-04-01,INR
778,1512,28375.0,2022-04-01,INR
779,1512,39750.0,2023-04-01,INR
780,1513,99517.0,2022-04-01,INR
781,1514,69817.0,2022-04-01,INR
782,1515,35806.0,2022-04-01,INR
783,1516,27900.0,2022-04-01,INR
784,1516,31388.0,2023-04-01,INR
785,1517,144365.0,2022-04-01,INR
786,1518,162933.0,2022-04-01,INR
787,1518,170218.0,2023-04-01,INR
788,1519,159239.0,2022-04-01,INR
789,1520,78460.0,2022-04-01,INR
790,1521,51147.0,2022-04-01,INR
791,1521,49347.0,2023-04-01,INR
792,1522,58356.0,2022-04-01,INR
793,1522,69396.0,2023-04-01,INR
794,1523,31704.0,2022-04-01,INR
795,1523,36309.0,2023-04-01,INR
796,1524,103627.0,2022-04-01,INR
797,1525,184715.0,2022-04-01,INR
798,1525,178224.0,2023-04-01,INR
799,1526,53381.0,2022-04-01,INR
800,1527,176608.0,2022-04-01,INR
801,1527,199330.0,2023-04-01,INR
802,1528,384242.0,2022-04-01,INR
803,1529,25684.0,2022-04-01,INR
804,1529,36403.0,2023-04-01,INR
805,1530,94223.0,2022-04-01,INR
806,1530,111723.0,2023-04-01,INR
807,1531,26155.0,2022-04-01,INR
808,1532,127554.0,2022-04-01,INR
809,1533,119563.0,2022-04-01,INR
810,1534,237432.0,2022-04-01,INR
811,1534,268066.0,2023-04-01,INR
812,1535,57742.0,2022-04-01,INR
813,1535,67125.0,2023-04-01,INR
814,1536,36155.0,2022-04-01,INR
815,1536,36714.0,2023-04-01,INR
816,1537,99332.0,2022-04-01,INR
817,1537,107572.0,2023-04-01,INR
818,1538,29664.0,2022-04-01,INR
819,1538,39016.0,2023-04-01,INR
820,1539,26777.0,2022-04-01,INR
821,1539,37468.0,2023-04-01,INR
822,1540,31470.0,2022-04-01,INR
823,1541,72834.0,2022-04-01,INR
824,1542,96579.0,2022-04-01,INR
825,1542,94165.0,2023-04-01,INR
826,1543,190733.0,2022-04-01,INR
827,1544,93582.0,2022-04-01,INR
828,1544,93650.0,2023-04-01,INR
829,1545,229969.0,2022-04-01,INR
830,1546,76044.0,2022-04-01,INR
831,1546,72739.0,2023-04-01,INR
832,1547,175843.0,2022-04-01,INR
833,1548,110162.0,2022-04-01,INR
834,1548,102153.0,2023-04-01,INR
835,1549,114194.0,2022-04-01,INR
836,1549,94677.0,2023-04-01,INR
837,1550,49781.0,2022-04-01,INR
838,1550,52601.0,2023-04-01,INR
839,1551,393769.0,2022-04-01,INR
840,1552,115183.0,2022-04-01,INR
841,1553,36876.0,2022-04-01,INR
842,1554,25716.0,2022-04-01,INR
843,1554,34319.0,2023-04-01,INR
844,1555,95004.0,2022-04-01,INR
845,1556,69081.0,2022-04-01,INR
846,1556,59109.0,2023-04-01,INR
847,1557,311781.0,2022-04-01,INR
848,1558,173149.0,2022-04-01,INR
849,1558,219084.0,2023-04-01,INR
850,1559,322580.0,2022-04-01,INR
851,1560,42508.0,2022-04-01,INR
852,1560,44780.0,2023-04-01,INR
853,1561,134761.0,2022-04-01,INR
854,1562,132736.0,2022-04-01,INR
855,1563,392493.0,2022-04-01,INR
856,1563,335047.0,2023-04-01,INR
857,1564,217103.0,2022-04-01,INR
858,1565,92273.0,2022-04-01,INR
859,1565,117637.0,2023-04-01,INR
860,1566,64857.0,2022-04-01,INR
861,1567,64123.0,2022-04-01,INR
862,1567,57639.0,2023-04-01,INR
863,1568,195856.0,2022-04-01,INR
864,1569,163716.0,2022-04-01,INR
865,1569,167298.0,2023-04-01,INR
866,1570,61716.0,2022-04-01,INR
867,1571,382158.0,2022-04-01,INR
868,1572,141080.0,2022-04-01,INR
869,1573,91259.0,2022-04-01,INR
870,1573,94701.0,2023-04-01,INR
871,1574,399389.0,2022-04-01,INR
872,1575,90193.0,2022-04-01,INR
873,1576,70112.0,2022-04-01,INR
874,1576,88438.0,2023-04-01,INR
875,1577,82698.0,2022-04-01,INR
876,1578,54041.0,2022-04-01,INR
877,1579,384701.0,2022-04-01,INR
878,1580,108469.0,2022-04-01,INR
879,1581,225188.0,2022-04-01,INR
880,1582,34363.0,2022-04-01,INR
881,1582,35564.0,2023-04-01,INR
882,1583,294047.0,2022-04-01,INR
883,1583,399728.0,2023-04-01,INR
884,1584,337878.0,2022-04-01,INR
885,1584,282303.0,2023-04-01,INR
886,1585,200147.0,2022-04-01,INR
887,1585,176386.0,2023-04-01,INR
888,1586,110863.0,2022-04-01,INR
889,1586,104908.0,2023-04-01,INR
890,1587,39722.0,2022-04-01,INR
891,1587,27509.0,2023-04-01,INR
892,1588,360628.0,2022-04-01,INR
893,1588,314407.0,2023-04-01,INR
894,1589,129463.0,2022-04-01,INR
895,1590,75713.0,2022-04-01,INR
896,1590,82728.0,2023-04-01,INR
897,1591,69449.0,2022-04-01,INR
898,1591,57626.0,2023-04-01,INR
899,1592,67124.0,2022-04-01,INR
900,1592,55343.0,2023-04-01,INR
901,1593,68196.0,2022-04-01,INR
902,1593,59912.0,2023-04-01,INR
903,1594,55697.0,2022-04-01,INR
904,1595,327576.0,2022-04-01,INR
905,1595,361950.0,2023-04-01,INR
906,1596,46590.0,2022-04-01,INR
907,1597,81565.0,2022-04-01,INR
908,1598,83297.0,2022-04-01,INR
909,1599,217909.0,2022-04-01,INR
910,1599,187376.0,2023-04-01,INR
911,1600,114033.0,2022-04-01,INR
912,1600,104821.0,2023-04-01,INR
913,1601,82728.0,2022-04-01,INR
914,1601,85188.0,2023-04-01,INR
915,1602,142138.0,2022-04-01,INR
916,1602,141365.0,2023-04-01,INR
917,1603,128723.0,2022-04-01,INR
918,1603,154729.0,2023-04-01,INR
919,1604,176122.0,2022-04-01,INR
920,1605,270060.0,2022-04-01,INR
921,1606,118626.0,2022-04-01,INR
922,1607,69751.0,2022-04-01,INR
923,1607,62591.0,2023-04-01,INR
924,1608,82281.0,2022-04-01,INR
925,1608,80056.0,2023-04-01,INR
926,1609,46436.0,2022-04-01,INR
927,1610,190817.0,2022-04-01,INR
928,1611,48893.0,2022-04-01,INR
929,1612,59920.0,2022-04-01,INR
930,1612,69822.0,2023-04-01,INR
931,1613,40833.0,2022-04-01,INR
932,1613,43267.0,2023-04-01,INR
933,1614,308521.0,2022-04-01,INR
934,1615,203230.0,2022-04-01,INR
935,1616,86957.0,2022-04-01,INR
936,1616,84148.0,2023-04-01,INR
937,1617,47257.0,2022-04-01,INR
938,1618,133530.0,2022-04-01,INR
939,1619,64296.0,2022-04-01,INR
940,1619,65928.0,2023-04-01,INR
941,1620,29478.0,2022-04-01,INR
942,1621,388096.0,2022-04-01,INR
943,1622,108843.0,2022-04-01,INR
944,1622,115619.0,2023-04-01,INR
945,1623,27468.0,2022-04-01,INR
946,1624,100370.0,2022-04-01,INR
947,1624,105354.0,2023-04-01,INR
948,1625,54221.0,2022-04-01,INR
949,1626,85947.0,2022-04-01,INR
950,1627,160000.0,2022-04-01,INR
951,1627,154772.0,2023-04-01,INR
952,1628,112157.0,2022-04-01,INR
953,1629,211574.0,2022-04-01,INR
954,1630,92809.0,2022-04-01,INR
955,1631,55142.0,2022-04-01,INR
956,1632,45431.0,2022-04-01,INR
957,1633,302128.0,2022-04-01,INR
958,1634,96652.0,2022-04-01,INR
959,1634,114365.0,2023-04-01,INR
960,1635,275839.0,2022-04-01,INR
961,1636,68773.0,2022-04-01,INR
962,1636,56081.0,2023-04-01,INR
963,1637,80338.0,2022-04-01,INR
964,1637,89118.0,2023-04-01,INR
965,1638,151135.0,2022-04-01,INR
966,1638,142191.0,2023-04-01,INR
967,1639,138988.0,2022-04-01,INR
968,1640,73325.0,2022-04-01,INR
969,1640,88411.0,2023-04-01,INR
970,1641,119517.0,2022-04-01,INR
971,1642,27674.0,2022-04-01,INR
972,1643,56940.0,2022-04-01,INR
973,1643,63721.0,2023-04-01,INR
974,1644,75186.0,2022-04-01,INR
975,1644,88404.0,2023-04-01,INR
976,1645,293723.0,2022-04-01,INR
977,1645,285376.0,2023-04-01,INR
978,1646,65876.0,2022-04-01,INR
979,1647,119792.0,2022-04-01,INR
980,1648,26590.0,2022-04-01,INR
981,1648,37380.0,2023-04-01,INR
982,1649,27221.0,2022-04-01,INR
983,1650,343945.0,2022-04-01,INR
984,1650,319449.0,2023-04-01,INR
985,1651,57792.0,2022-04-01,INR
986,1651,67568.0,2023-04-01,INR
987,1652,49603.0,2022-04-01,INR
988,1653,148897.0,2022-04-01,INR
989,1653,158331.0,2023-04-01,INR
990,1654,189316.0,2022-04-01,INR
991,1655,192228.0,2022-04-01,INR
992,1656,119019.0,2022-04-01,INR
993,1656,101133.0,2023-04-01,INR
994,1657,316984.0,2022-04-01,INR
995,1658,27903.0,2022-04-01,INR
996,1659,139667.0,2022-04-01,INR
997,1660,42449.0,2022-04-01,INR
998,1660,41818.0,2023-04-01,INR
999,1661,35391.0,2022-04-01,INR
1000,1662,59789.0,2022-04-01,INR
1001,1662,66655.0,2023-04-01,INR
1002,1663,101623.0,2022-04-01,INR
1003,1664,55261.0,2022-04-01,INR
1004,1664,65188.0,2023-04-01,INR
1005,1665,42769.0,2022-04-01,INR
1006,1665,45983.0,2023-04-01,INR
1007,1666,76292.0,2022-04-01,INR
1008,1666,86823.0,2023-04-01,INR
1009,1667,154107.0,2022-04-01,INR
1010,1667,121536.0,2023-04-01,INR
1011,1668,60219.0,2022-04-01,INR
1012,1668,69840.0,2023-04-01,INR
1013,1669,55852.0,2022-04-01,INR
1014,1670,36477.0,2022-04-01,INR
1015,1671,98621.0,2022-04-01,INR
1016,1671,104710.0,2023-04-01,INR
1017,1672,101059.0,2022-04-01,INR
1018,1672,91325.0,2023-04-01,INR
1019,1673,52287.0,2022-04-01,INR
1020,1673,52447.0,2023-04-01,INR
1021,1674,65803.0,2022-04-01,INR
1022,1674,56314.0,2023-04-01,INR
1023,1675,364513.0,2022-04-01,INR
1024,1675,228224.0,2023-04-01,INR
1025,1676,54287.0,2022-04-01,INR
1026,1677,88797.0,2022-04-01,INR
1027,1678,99919.0,2022-04-01,INR
1028,1679,96541.0,2022-04-01,INR
1029,1679,119639.0,2023-04-01,INR
1030,1680,46226.0,2022-04-01,INR
1031,1680,46363.0,2023-04-01,INR
1032,1681,137713.0,2022-04-01,INR
1033,1682,45499.0,2022-04-01,INR
1034,1682,46009.0,2023-04-01,INR
1035,1683,83342.0,2022-04-01,INR
1036,1683,81210.0,2023-04-01,INR
1037,1684,182691.0,2022-04-01,INR
1038,1685,364803.0,2022-04-01,INR
1039,1685,270568.0,2023-04-01,INR
1040,1686,44614.0,2022-04-01,INR
1041,1686,44369.0,2023-04-01,INR
1042,1687,69964.0,2022-04-01,INR
1043,1688,396110.0,2022-04-01,INR
1044,1688,242228.0,2023-04-01,INR
1045,1689,153344.0,2022-04-01,INR
1046,1689,127439.0,2023-04-01,INR
1047,1690,38283.0,2022-04-01,INR
1048,1691,212836.0,2022-04-01,INR
1049,1692,58980.0,2022-04-01,INR
1050,1693,57901.0,2022-04-01,INR
1051,1694,41064.0,2022-04-01,INR
1052,1694,42523.0,2023-04-01,INR
1053,1695,211044.0,2022-04-01,INR
1054,1696,39150.0,2022-04-01,INR
1055,1697,222528.0,2022-04-01,INR
1056,1698,52066.0,2022-04-01,INR
1057,1699,39256.0,2022-04-01,INR
1058,1699,39891.0,2023-04-01,INR
1059,1700,130239.0,2022-04-01,INR
1060,1701,385413.0,2022-04-01,INR
1061,1701,306743.0,2023-04-01,INR
1062,1702,50036.0,2022-04-01,INR
1063,1703,91840.0,2022-04-01,INR
1064,1704,58268.0,2022-04-01,INR
1065,1705,58040.0,2022-04-01,INR
1066,1706,244008.0,2022-04-01,INR
1067,1707,62093.0,2022-04-01,INR
1068,1708,173776.0,2022-04-01,INR
1069,1709,125204.0,2022-04-01,INR
1070,1710,100499.0,2022-04-01,INR
1071,1710,110494.0,2023-04-01,INR
1072,1711,85599.0,2022-04-01,INR
1073,1712,36603.0,2022-04-01,INR
1074,1713,89839.0,2022-04-01,INR
1075,1713,76096.0,2023-04-01,INR
1076,1714,79439.0,2022-04-01,INR
1077,1714,89392.0,2023-04-01,INR
1078,1715,62250.0,2022-04-01,INR
1079,1716,353060.0,2022-04-01,INR
1080,1717,26303.0,2022-04-01,INR
1081,1718,43239.0,2022-04-01,INR
1082,1719,169430.0,2022-04-01,INR
1083,1719,217552.0,2023-04-01,INR
1084,1720,51468.0,2022-04-01,INR
1085,1721,36515.0,2022-04-01,INR
1086,1722,28083.0,2022-04-01,INR
1087,1723,80531.0,2022-04-01,INR
1088,1724,95322.0,2022-04-01,INR
1089,1725,386539.0,2022-04-01,INR
1090,1725,375270.0,2023-04-01,INR
1091,1726,89711.0,2022-04-01,INR
1092,1726,83509.0,2023-04-01,INR
1093,1727,277215.0,2022-04-01,INR
1094,1727,331810.0,2023-04-01,INR
1095,1728,53508.0,2022-04-01,INR
1096,1728,45648.0,2023-04-01,INR
1097,1729,154770.0,2022-04-01,INR
1098,1730,65728.0,2022-04-01,INR
1099,1731,29611.0,2022-04-01,INR
1100,1731,37358.0,2023-04-01,INR
1101,1732,41059.0,2022-04-01,INR
1102,1733,72057.0,2022-04-01,INR
1103,1734,60639.0,2022-04-01,INR
1104,1734,69789.0,2023-04-01,INR
1105,1735,50155.0,2022-04-01,INR
1106,1736,26309.0,2022-04-01,INR
1107,1736,36043.0,2023-04-01,INR
1108,1737,25196.0,2022-04-01,INR
1109,1737,37194.0,2023-04-01,INR
1110,1738,60216.0,2022-04-01,INR
1111,1739,66437.0,2022-04-01,INR
1112,1739,66158.0,2023-04-01,INR
1113,1740,88651.0,2022-04-01,INR
1114,1741,80455.0,2022-04-01,INR
1115,1741,84771.0,2023-04-01,INR
1116,1742,67160.0,2022-04-01,INR
1117,1742,68286.0,2023-04-01,INR
1118,1743,102138.0,2022-04-01,INR
1119,1743,106374.0,2023-04-01,INR
1120,1744,37507.0,2022-04-01,INR
1121,1744,33013.0,2023-04-01,INR
1122,1745,87888.0,2022-04-01,INR
1123,1745,76235.0,2023-04-01,INR
1124,1746,89242.0,2022-04-01,INR
1125,1747,231193.0,2022-04-01,INR
1126,1748,146852.0,2022-04-01,INR
1127,1748,150470.0,2023-04-01,INR
1128,1749,30314.0,2022-04-01,INR
1129,1749,38045.0,2023-04-01,INR
1130,1750,190384.0,2022-04-01,INR
1131,1750,216929.0,2023-04-01,INR
1132,1751,84816.0,2022-04-01,INR
1133,1751,75003.0,2023-04-01,INR
1134,1752,37089.0,2022-04-01,INR
1135,1753,61874.0,2022-04-01,INR
1136,1753,55401.0,2023-04-01,INR
1137,1754,37914.0,2022-04-01,INR
1138,1755,46249.0,2022-04-01,INR
1139,1755,54258.0,2023-04-01,INR
1140,1756,83088.0,2022-04-01,INR
1141,1757,25228.0,2022-04-01,INR
1142,1757,32116.0,2023-04-01,INR
1143,1758,27474.0,2022-04-01,INR
1144,1759,97110.0,2022-04-01,INR
1145,1760,121074.0,2022-04-01,INR
1146,1761,62737.0,2022-04-01,INR
1147,1761,57455.0,2023-04-01,INR
1148,1762,45526.0,2022-04-01,INR
1149,1762,43240.0,2023-04-01,INR
1150,1763,192592.0,2022-04-01,INR
1151,1764,42593.0,2022-04-01,INR
1152,1764,44972.0,2023-04-01,INR
1153,1765,279700.0,2022-04-01,INR
1154,1765,269793.0,2023-04-01,INR
1155,1766,109884.0,2022-04-01,INR
1156,1766,113715.0,2023-04-01,INR
1157,1767,188367.0,2022-04-01,INR
1158,1767,188515.0,2023-04-01,INR
1159,1768,32984.0,2022-04-01,INR
1160,1769,143158.0,2022-04-01,INR
1161,1770,56096.0,2022-04-01,INR
1162,1771,36567.0,2022-04-01,INR
1163,1771,32810.0,2023-04-01,INR
1164,1772,57317.0,2022-04-01,INR
1165,1772,58852.0,2023-04-01,INR
1166,1773,68166.0,2022-04-01,INR
1167,1773,58545.0,2023-04-01,INR
1168,1774,63036.0,2022-04-01,INR
1169,1774,55212.0,2023-04-01,INR
1170,1775,385546.0,2022-04-01,INR
1171,1775,261576.0,2023-04-01,INR
1172,1776,110658.0,2022-04-01,INR
1173,1776,100178.0,2023-04-01,INR
1174,1777,50020.0,2022-04-01,INR
1175,1777,41996.0,2023-04-01,INR
1176,1778,194710.0,2022-04-01,INR
1177,1779,81177.0,2022-04-01,INR
1178,1779,82234.0,2023-04-01,INR
1179,1780,316879.0,2022-04-01,INR
1180,1781,26034.0,2022-04-01,INR
1181,1781,25290.0,2023-04-01,INR
1182,1782,31062.0,2022-04-01,INR
1183,1782,31832.0,2023-04-01,INR
1184,1783,274907.0,2022-04-01,INR
1185,1784,51276.0,2022-04-01,INR
1186,1784,43824.0,2023-04-01,INR
1187,1785,201541.0,2022-04-01,INR
1188,1785,219102.0,2023-04-01,INR
1189,1786,67891.0,2022-04-01,INR
1190,1786,59596.0,2023-04-01,INR
1191,1787,108914.0,2022-04-01,INR
1192,1787,116011.0,2023-04-01,INR
1193,1788,112882.0,2022-04-01,INR
1194,1788,96369.0,2023-04-01,INR
1195,1789,80545.0,2022-04-01,INR
1196,1790,206406.0,2022-04-01,INR
1197,1791,38325.0,2022-04-01,INR
1198,1792,152020.0,2022-04-01,INR
1199,1793,70635.0,2022-04-01,INR
1200,1793,80271.0,2023-04-01,INR
1201,1794,145175.0,2022-04-01,INR
1202,1795,65217.0,2022-04-01,INR
1203,1796,56332.0,2022-04-01,INR
1204,1796,63670.0,2023-04-01,INR
1205,1797,47580.0,2022-04-01,INR
1206,1797,49872.0,2023-04-01,INR
1207,1798,124386.0,2022-04-01,INR
1208,1798,149457.0,2023-04-01,INR
1209,1799,52737.0,2022-04-01,INR
1210,1799,43165.0,2023-04-01,INR
1211,1800,51663.0,2022-04-01,INR
1212,1800,42344.0,2023-04-01,INR
1213,1801,71934.0,2022-04-01,INR
1214,1801,85523.0,2023-04-01,INR
1215,1802,97318.0,2022-04-01,INR
1216,1803,141444.0,2022-04-01,INR
1217,1804,85812.0,2022-04-01,INR
1218,1804,88411.0,2023-04-01,INR
1219,1805,78937.0,2022-04-01,INR
1220,1806,62941.0,2022-04-01,INR
1221,1806,60147.0,2023-04-01,INR
1222,1807,76166.0,2022-04-01,INR
1223,1808,139373.0,2022-04-01,INR
1224,1809,114100.0,2022-04-01,INR
1225,1810,194308.0,2022-04-01,INR
1226,1811,285071.0,2022-04-01,INR
1227,1811,318568.0,2023-04-01,INR
1228,1812,205917.0,2022-04-01,INR
1229,1812,213646.0,2023-04-01,INR
1230,1813,79770.0,2022-04-01,INR
1231,1814,96692.0,2022-04-01,INR
1232,1814,94720.0,2023-04-01,INR
1233,1815,90828.0,2022-04-01,INR
1234,1815,90944.0,2023-04-01,INR
1235,1816,72579.0,2022-04-01,INR
1236,1816,82079.0,2023-04-01,INR
1237,1817,37710.0,2022-04-01,INR
1238,1817,39906.0,2023-04-01,INR
1239,1818,337095.0,2022-04-01,INR
1240,1819,156389.0,2022-04-01,INR
1241,1819,130287.0,2023-04-01,INR
1242,1820,140584.0,2022-04-01,INR
1243,1820,127061.0,2023-04-01,INR
1244,1821,62470.0,2022-04-01,INR
1245,1821,59521.0,2023-04-01,INR
1246,1822,379001.0,2022-04-01,INR
1247,1823,99331.0,2022-04-01,INR
1248,1823,95337.0,2023-04-01,INR
1249,1824,30288.0,2022-04-01,INR
1250,1825,42030.0,2022-04-01,INR
1251,1826,80699.0,2022-04-01,INR
1252,1827,31042.0,2022-04-01,INR
1253,1827,27322.0,2023-04-01,INR
1254,1828,318311.0,2022-04-01,INR
1255,1828,364212.0,2023-04-01,INR
1256,1829,50303.0,2022-04-01,INR
1257,1830,111178.0,2022-04-01,INR
1258,1830,100613.0,2023-04-01,INR
1259,1831,95832.0,2022-04-01,INR
1260,1831,100702.0,2023-04-01,INR
1261,1832,138540.0,2022-04-01,INR
1262,1833,108534.0,2022-04-01,INR
1263,1833,114788.0,2023-04-01,INR
1264,1834,217885.0,2022-04-01,INR
1265,1835,254568.0,2022-04-01,INR
1266,1836,56046.0,2022-04-01,INR
1267,1836,56112.0,2023-04-01,INR
1268,1837,74966.0,2022-04-01,INR
1269,1838,48565.0,2022-04-01,INR
1270,1839,206783.0,2022-04-01,INR
1271,1840,93010.0,2022-04-01,INR
1272,1841,45850.0,2022-04-01,INR
1273,1841,45540.0,2023-04-01,INR
1274,1842,61760.0,2022-04-01,INR
1275,1843,52301.0,2022-04-01,INR
1276,1843,41139.0,2023-04-01,INR
1277,1844,186251.0,2022-04-01,INR
1278,1844,195724.0,2023-04-01,INR
1279,1845,107192.0,2022-04-01,INR
1280,1846,82975.0,2022-04-01,INR
1281,1846,75078.0,2023-04-01,INR
1282,1847,38342.0,2022-04-01,INR
1283,1848,149392.0,2022-04-01,INR
1284,1849,167552.0,2022-04-01,INR
1285,1850,279610.0,2022-04-01,INR
1286,1850,282721.0,2023-04-01,INR
1287,1851,202254.0,2022-04-01,INR
1288,1852,163439.0,2022-04-01,INR
1289,1853,345486.0,2022-04-01,INR
1290,1854,40691.0,2022-04-01,INR
1291,1855,280991.0,2022-04-01,INR
1292,1856,54261.0,2022-04-01,INR
1293,1857,86403.0,2022-04-01,INR
1294,1858,181164.0,2022-04-01,INR
1295,1858,185396.0,2023-04-01,INR
1296,1859,161261.0,2022-04-01,INR
1297,1859,193439.0,2023-04-01,INR
1298,1860,106129.0,2022-04-01,INR
1299,1860,90770.0,2023-04-01,INR
1300,1861,88023.0,2022-04-01,INR
1301,1861,72226.0,2023-04-01,INR
1302,1862,96557.0,2022-04-01,INR
1303,1863,274745.0,2022-04-01,INR
1304,1864,109095.0,2022-04-01,INR
1305,1865,120468.0,2022-04-01,INR
1306,1865,142897.0,2023-04-01,INR
1307,1866,158114.0,2022-04-01,INR
1308,1867,153367.0,2022-04-01,INR
1309,1867,130759.0,2023-04-01,INR
1310,1868,43486.0,2022-04-01,INR
1311,1868,42494.0,2023-04-01,INR
1312,1869,119989.0,2022-04-01,INR
1313,1870,289637.0,2022-04-01,INR
1314,1870,365820.0,2023-04-01,INR
1315,1871,86740.0,2022-04-01,INR
1316,1871,82727.0,2023-04-01,INR
1317,1872,272844.0,2022-04-01,INR
1318,1873,60480.0,2022-04-01,INR
1319,1873,58207.0,2023-04-01,INR
1320,1874,119423.0,2022-04-01,INR
1321,1874,98530.0,2023-04-01,INR
1322,1875,41952.0,2022-04-01,INR
1323,1875,50657.0,2023-04-01,INR
1324,1876,47399.0,2022-04-01,INR
1325,1876,40472.0,2023-04-01,INR
1326,1877,378169.0,2022-04-01,INR
1327,1877,390762.0,2023-04-01,INR
1328,1878,58352.0,2022-04-01,INR
1329,1878,58028.0,2023-04-01,INR
1330,1879,162730.0,2022-04-01,INR
1331,1880,73497.0,2022-04-01,INR
1332,1880,76736.0,2023-04-01,INR
1333,1881,209791.0,2022-04-01,INR
1334,1882,77023.0,2022-04-01,INR
1335,1882,89439.0,2023-04-01,INR
1336,1883,183654.0,2022-04-01,INR
1337,1883,190394.0,2023-04-01,INR
1338,1884,135060.0,2022-04-01,INR
1339,1885,174208.0,2022-04-01,INR
1340,1885,193495.0,2023-04-01,INR
1341,1886,80154.0,2022-04-01,INR
1342,1887,43545.0,2022-04-01,INR
1343,1888,54096.0,2022-04-01,INR
1344,1889,173523.0,2022-04-01,INR
1345,1889,192741.0,2023-04-01,INR
1346,1890,113591.0,2022-04-01,INR
1347,1890,100726.0,2023-04-01,INR
1348,1891,46402.0,2022-04-01,INR
1349,1891,49860.0,2023-04-01,INR
1350,1892,348891.0,2022-04-01,INR
1351,1893,108377.0,2022-04-01,INR
1352,1893,109553.0,2023-04-01,INR
1353,1894,78143.0,2022-04-01,INR
1354,1894,72545.0,2023-04-01,INR
1355,1895,70008.0,2022-04-01,INR
1356,1896,65146.0,2022-04-01,INR
1357,1897,70367.0,2022-04-01,INR
1358,1898,160000.0,2022-04-01,INR
1359,1898,179886.0,2023-04-01,INR
1360,1899,319987.0,2022-04-01,INR
1361,1899,368926.0,2023-04-01,INR
1362,1900,166372.0,2022-04-01,INR
1363,1901,102060.0,2022-04-01,INR
1364,1902,132503.0,2022-04-01,INR
1365,1903,144433.0,2022-04-01,INR
1366,1903,124987.0,2023-04-01,INR
1367,1904,61840.0,2022-04-01,INR
1368,1904,65709.0,2023-04-01,INR
1369,1905,79747.0,2022-04-01,INR
1370,1906,39721.0,2022-04-01,INR
1371,1907,79897.0,2022-04-01,INR
1372,1908,44304.0,2022-04-01,INR
1373,1909,39538.0,2022-04-01,INR
1374,1909,38116.0,2023-04-01,INR
1375,1910,93942.0,2022-04-01,INR
1376,1911,69422.0,2022-04-01,INR
1377,1912,265765.0,2022-04-01,INR
1378,1912,223760.0,2023-04-01,INR
1379,1913,72821.0,2022-04-01,INR
1380,1914,189834.0,2022-04-01,INR
1381,1915,44424.0,2022-04-01,INR
1382,1915,40369.0,2023-04-01,INR
1383,1916,26036.0,2022-04-01,INR
1384,1916,36983.0,2023-04-01,INR
1385,1917,97060.0,2022-04-01,INR
1386,1918,186053.0,2022-04-01,INR
1387,1919,90979.0,2022-04-01,INR
1388,1919,91217.0,2023-04-01,INR
1389,1920,104171.0,2022-04-01,INR
1390,1920,117212.0,2023-04-01,INR
1391,1921,103514.0,2022-04-01,INR
1392,1921,95735.0,2023-04-01,INR
1393,1922,34449.0,2022-04-01,INR
1394,1923,72064.0,2022-04-01,INR
1395,1924,206524.0,2022-04-01,INR
1396,1924,178452.0,2023-04-01,INR
1397,1925,43321.0,2022-04-01,INR
1398,1925,53139.0,2023-04-01,INR
1399,1926,55399.0,2022-04-01,INR
1400,1926,65997.0,2023-04-01,INR
1401,1927,118573.0,2022-04-01,INR
1402,1927,96162.0,2023-04-01,INR
1403,1928,66299.0,2022-04-01,INR
1404,1929,220510.0,2022-04-01,INR
1405,1929,390441.0,2023-04-01,INR
1406,1930,156910.0,2022-04-01,INR
1407,1931,108315.0,2022-04-01,INR
1408,1931,113034.0,2023-04-01,INR
1409,1932,115951.0,2022-04-01,INR
1410,1932,97586.0,2023-04-01,INR
1411,1933,138777.0,2022-04-01,INR
1412,1934,125794.0,2022-04-01,INR
1413,1934,159193.0,2023-04-01,INR
1414,1935,339605.0,2022-04-01,INR
1415,1935,343856.0,2023-04-01,INR
1416,1936,184462.0,2022-04-01,INR
1417,1937,36898.0,2022-04-01,INR
1418,1937,34027.0,2023-04-01,INR
1419,1938,30254.0,2022-04-01,INR
1420,1939,61668.0,2022-04-01,INR
1421,1939,57850.0,2023-04-01,INR
1422,1940,144386.0,2022-04-01,INR
1423,1940,150637.0,2023-04-01,INR
1424,1941,210286.0,2022-04-01,INR
1425,1941,179165.0,2023-04-01,INR
1426,1942,68340.0,2022-04-01,INR
1427,1943,66070.0,2022-04-01,INR
1428,1943,63884.0,2023-04-01,INR
1429,1944,45903.0,2022-04-01,INR
1430,1944,47073.0,2023-04-01,INR
1431,1945,89731.0,2022-04-01,INR
1432,1946,39496.0,2022-04-01,INR
1433,1946,27255.0,2023-04-01,INR
1434,1947,81752.0,2022-04-01,INR
1435,1947,85288.0,2023-04-01,INR
1436,1948,67348.0,2022-04-01,INR
1437,1948,63834.0,2023-04-01,INR
1438,1949,69577.0,2022-04-01,INR
1439,1950,101254.0,2022-04-01,INR
1440,1951,109621.0,2022-04-01,INR
1441,1952,48850.0,2022-04-01,INR
1442,1952,50366.0,2023-04-01,INR
1443,1953,157597.0,2022-04-01,INR
1444,1954,133488.0,2022-04-01,INR
1445,1955,241428.0,2022-04-01,INR
1446,1955,329832.0,2023-04-01,INR
1447,1956,48214.0,2022-04-01,INR
1448,1957,194050.0,2022-04-01,INR
1449,1958,157713.0,2022-04-01,INR
1450,1959,44173.0,2022-04-01,INR
1451,1960,114238.0,2022-04-01,INR
1452,1961,112413.0,2022-04-01,INR
1453,1962,63014.0,2022-04-01,INR
1454,1962,56915.0,2023-04-01,INR
1455,1963,36990.0,2022-04-01,INR
1456,1963,38704.0,2023-04-01,INR
1457,1964,155943.0,2022-04-01,INR
1458,1964,145884.0,2023-04-01,INR
1459,1965,28589.0,2022-04-01,INR
1460,1965,34453.0,2023-04-01,INR
1461,1966,37285.0,2022-04-01,INR
1462,1966,31684.0,2023-04-01,INR
1463,1967,174798.0,2022-04-01,INR
1464,1968,42551.0,2022-04-01,INR
1465,1968,53669.0,2023-04-01,INR
1466,1969,51734.0,2022-04-01,INR
1467,1970,352254.0,2022-04-01,INR
1468,1971,152453.0,2022-04-01,INR
1469,1972,164732.0,2022-04-01,INR
1470,1973,175848.0,2022-04-01,INR
1471,1973,209532.0,2023-04-01,INR
1472,1974,44962.0,2022-04-01,INR
1473,1974,53520.0,2023-04-01,INR
1474,1975,48879.0,2022-04-01,INR
1475,1976,213378.0,2022-04-01,INR
1476,1977,55385.0,2022-04-01,INR
1477,1978,91019.0,2022-04-01,INR
1478,1979,26983.0,2022-04-01,INR
1479,1979,28392.0,2023-04-01,INR
1480,1980,398384.0,2022-04-01,INR
1481,1981,124392.0,2022-04-01,INR
1482,1982,84830.0,2022-04-01,INR
1483,1982,73897.0,2023-04-01,INR
1484,1983,183430.0,2022-04-01,INR
1485,1983,203357.0,2023-04-01,INR
1486,1984,25173.0,2022-04-01,INR
1487,1984,36433.0,2023-04-01,INR
1488,1985,30622.0,2022-04-01,INR
1489,1985,31352.0,2023-04-01,INR
1490,1986,76830.0,2022-04-01,INR
1491,1986,79954.0,2023-04-01,INR
1492,1987,65145.0,2022-04-01,INR
1493,1987,64661.0,2023-04-01,INR
1494,1988,158884.0,2022-04-01,INR
1495,1988,122744.0,2023-04-01,INR
1496,1989,55516.0,2022-04-01,INR
1497,1989,63191.0,2023-04-01,INR
1498,1990,81517.0,2022-04-01,INR
1499,1990,71017.0,2023-04-01,INR
1500,1991,112958.0,2022-04-01,INR
1501,1991,105518.0,2023-04-01,INR
1502,1992,209343.0,2022-04-01,INR
1503,1992,195325.0,2023-04-01,INR
1504,1993,147702.0,2022-04-01,INR
1505,1994,36220.0,2022-04-01,INR
1506,1994,33033.0,2023-04-01,INR
1507,1995,184901.0,2022-04-01,INR
1508,1996,47986.0,2022-04-01,INR
1509,1997,151121.0,2022-04-01,INR
1510,1998,107817.0,2022-04-01,INR
1511,1998,93016.0,2023-04-01,INR
1512,1999,44020.0,2022-04-01,INR
1513,2000,149798.0,2022-04-01,INR
1514,2001,114544.0,2022-04-01,INR
1515,2001,101055.0,2023-04-01,INR
1516,2002,159558.0,2022-04-01,INR
1517,2003,71125.0,2022-04-01,INR
1518,2003,80579.0,2023-04-01,INR
1519,2004,49054.0,2022-04-01,INR
1520,2004,52733.0,2023-04-01,INR
1521,2005,28548.0,2022-04-01,INR
1522,2005,35055.0,2023-04-01,INR
1523,2006,73111.0,2022-04-01,INR
1524,2006,70337.0,2023-04-01,INR
1525,2007,64722.0,2022-04-01,INR
1526,2008,193180.0,2022-04-01,INR
1527,2009,56132.0,2022-04-01,INR
1528,2009,63225.0,2023-04-01,INR
1529,2010,85177.0,2022-04-01,INR
1530,2011,51421.0,2022-04-01,INR
1531,2011,49257.0,2023-04-01,INR
1532,2012,68128.0,2022-04-01,INR
1533,2012,63776.0,2023-04-01,INR
1534,2013,78296.0,2022-04-01,INR
1535,2014,355459.0,2022-04-01,INR
1536,2015,75698.0,2022-04-01,INR
1537,2015,84802.0,2023-04-01,INR
1538,2016,262662.0,2022-04-01,INR
1539,2016,230437.0,2023-04-01,INR
1540,2017,64848.0,2022-04-01,INR
1541,2017,60429.0,2023-04-01,INR
1542,2018,26796.0,2022-04-01,INR
1543,2018,36252.0,2023-04-01,INR
1544,2019,72517.0,2022-04-01,INR
1545,2020,151597.0,2022-04-01,INR
1546,2021,44080.0,2022-04-01,INR
1547,2021,40093.0,2023-04-01,INR
1548,2022,37709.0,2022-04-01,INR
1549,2022,37198.0,2023-04-01,INR
1550,2023,52656.0,2022-04-01,INR
1551,2024,55718.0,2022-04-01,INR
1552,2024,59952.0,2023-04-01,INR
1553,2025,174642.0,2022-04-01,INR
1554,2026,89122.0,2022-04-01,INR
1555,2026,86166.0,2023-04-01,INR
1556,2027,113390.0,2022-04-01,INR
1557,2028,73804.0,2022-04-01,INR
1558,2028,73327.0,2023-04-01,INR
1559,2029,74561.0,2022-04-01,INR
1560,2030,52129.0,2022-04-01,INR
1561,2031,84355.0,2022-04-01,INR
1562,2032,144030.0,2022-04-01,INR
1563,2032,148178.0,2023-04-01,INR
1564,2033,154417.0,2022-04-01,INR
1565,2034,65401.0,2022-04-01,INR
1566,2034,63904.0,2023-04-01,INR
1567,2035,147434.0,2022-04-01,INR
1568,2036,71098.0,2022-04-01,INR
1569,2036,79139.0,2023-04-01,INR
1570,2037,196522.0,2022-04-01,INR
1571,2037,206009.0,2023-04-01,INR
1572,2038,72193.0,2022-04-01,INR
1573,2038,72135.0,2023-04-01,INR
1574,2039,98610.0,2022-04-01,INR
1575,2040,151105.0,2022-04-01,INR
1576,2040,146301.0,2023-04-01,INR
1577,2041,129012.0,2022-04-01,INR
1578,2042,55395.0,2022-04-01,INR
1579,2043,41415.0,2022-04-01,INR
1580,2044,65889.0,2022-04-01,INR
1581,2045,149235.0,2022-04-01,INR
1582,2046,64131.0,2022-04-01,INR
1583,2046,59309.0,2023-04-01,INR
1584,2047,56094.0,2022-04-01,INR
1585,2047,67943.0,2023-04-01,INR
1586,2048,372599.0,2022-04-01,INR
1587,2049,26898.0,2022-04-01,INR
1588,2049,34169.0,2023-04-01,INR
1589,2050,135220.0,2022-04-01,INR
1590,2051,57414.0,2022-04-01,INR
1591,2052,27182.0,2022-04-01,INR
1592,2052,37232.0,2023-04-01,INR
1593,2053,120733.0,2022-04-01,INR
1594,2053,144370.0,2023-04-01,INR
1595,2054,86718.0,2022-04-01,INR
1596,2055,73694.0,2022-04-01,INR
1597,2056,198376.0,2022-04-01,INR
1598,2056,194768.0,2023-04-01,INR
1599,2057,99939.0,2022-04-01,INR
1600,2058,180940.0,2022-04-01,INR
1601,2059,69099.0,2022-04-01,INR
1602,2060,38127.0,2022-04-01,INR
1603,2060,28498.0,2023-04-01,INR
1604,2061,65879.0,2022-04-01,INR
1605,2062,32836.0,2022-04-01,INR
1606,2062,32843.0,2023-04-01,INR
1607,2063,26622.0,2022-04-01,INR
1608,2064,145418.0,2022-04-01,INR
1609,2065,169575.0,2022-04-01,INR
1610,2066,216219.0,2022-04-01,INR
1611,2067,237824.0,2022-04-01,INR
1612,2068,33411.0,2022-04-01,INR
1613,2068,26189.0,2023-04-01,INR
1614,2069,44047.0,2022-04-01,INR
1615,2070,68758.0,2022-04-01,INR
1616,2070,65250.0,2023-04-01,INR
1617,2071,279072.0,2022-04-01,INR
1618,2071,288804.0,2023-04-01,INR
1619,2072,55977.0,2022-04-01,INR
1620,2072,67326.0,2023-04-01,INR
1621,2073,91406.0,2022-04-01,INR
1622,2073,118530.0,2023-04-01,INR
1623,2074,145862.0,2022-04-01,INR
1624,2074,121813.0,2023-04-01,INR
1625,2075,82244.0,2022-04-01,INR
1626,2076,84739.0,2022-04-01,INR
1627,2076,89871.0,2023-04-01,INR
1628,2077,37265.0,2022-04-01,INR
1629,2078,85707.0,2022-04-01,INR
1630,2079,75153.0,2022-04-01,INR
1631,2079,77908.0,2023-04-01,INR
1632,2080,33145.0,2022-04-01,INR
1633,2080,37666.0,2023-04-01,INR
1634,2081,104180.0,2022-04-01,INR
1635,2082,61837.0,2022-04-01,INR
1636,2083,196810.0,2022-04-01,INR
1637,2084,74769.0,2022-04-01,INR
1638,2085,61054.0,2022-04-01,INR
1639,2086,82886.0,2022-04-01,INR
1640,2086,79202.0,2023-04-01,INR
1641,2087,35652.0,2022-04-01,INR
1642,2087,38218.0,2023-04-01,INR
1643,2088,179889.0,2022-04-01,INR
1644,2088,214809.0,2023-04-01,INR
1645,2089,300777.0,2022-04-01,INR
1646,2089,343184.0,2023-04-01,INR
1647,2090,321212.0,2022-04-01,INR
1648,2090,374549.0,2023-04-01,INR
1649,2091,85378.0,2022-04-01,INR
1650,2092,165962.0,2022-04-01,INR
1651,2092,205313.0,2023-04-01,INR
1652,2093,30610.0,2022-04-01,INR
1653,2093,33728.0,2023-04-01,INR
1654,2094,44122.0,2022-04-01,INR
1655,2095,29444.0,2022-04-01,INR
1656,2095,39331.0,2023-04-01,INR
1657,2096,49739.0,2022-04-01,INR
1658,2096,48413.0,2023-04-01,INR
1659,2097,30129.0,2022-04-01,INR
1660,2098,135690.0,2022-04-01,INR
1661,2098,157094.0,2023-04-01,INR
1662,2099,101420.0,2022-04-01,INR
1663,2100,172572.0,2022-04-01,INR
1664,2100,214115.0,2023-04-01,INR
1665,2101,48481.0,2022-04-01,INR
1666,2101,51077.0,2023-04-01,INR
1667,2102,99126.0,2022-04-01,INR
1668,2102,98647.0,2023-04-01,INR
1669,2103,203888.0,2022-04-01,INR
1670,2103,203195.0,2023-04-01,INR
1671,2104,210352.0,2022-04-01,INR
1672,2105,79667.0,2022-04-01,INR
1673,2106,51257.0,2022-04-01,INR
1674,2107,113351.0,2022-04-01,INR
1675,2107,107785.0,2023-04-01,INR
1676,2108,173399.0,2022-04-01,INR
1677,2108,212299.0,2023-04-01,INR
1678,2109,198125.0,2022-04-01,INR
1679,2109,194086.0,2023-04-01,INR
1680,2110,250726.0,2022-04-01,INR
1681,2111,50462.0,2022-04-01,INR
1682,2111,44047.0,2023-04-01,INR
1683,2112,64799.0,2022-04-01,INR
1684,2113,267992.0,2022-04-01,INR
1685,2113,389732.0,2023-04-01,INR
1686,2114,184575.0,2022-04-01,INR
1687,2114,176097.0,2023-04-01,INR
1688,2115,85870.0,2022-04-01,INR
1689,2115,78871.0,2023-04-01,INR
1690,2116,360878.0,2022-04-01,INR
1691,2116,309495.0,2023-04-01,INR
1692,2117,98346.0,2022-04-01,INR
1693,2118,98275.0,2022-04-01,INR
1694,2119,31169.0,2022-04-01,INR
1695,2120,55053.0,2022-04-01,INR
1696,2120,56090.0,2023-04-01,INR
1697,2121,68303.0,2022-04-01,INR
1698,2122,192443.0,2022-04-01,INR
1699,2122,189803.0,2023-04-01,INR
1700,2123,353986.0,2022-04-01,INR
1701,2123,368754.0,2023-04-01,INR
1702,2124,76527.0,2022-04-01,INR
1703,2124,78706.0,2023-04-01,INR
1704,2125,84015.0,2022-04-01,INR
1705,2126,64752.0,2022-04-01,INR
1706,2126,56770.0,2023-04-01,INR
1707,2127,32162.0,2022-04-01,INR
1708,2127,31338.0,2023-04-01,INR
1709,2128,26956.0,2022-04-01,INR
1710,2128,27289.0,2023-04-01,INR
1711,2129,57013.0,2022-04-01,INR
1712,2130,209815.0,2022-04-01,INR
1713,2130,212513.0,2023-04-01,INR
1714,2131,55672.0,2022-04-01,INR
1715,2132,79088.0,2022-04-01,INR
1716,2133,155945.0,2022-04-01,INR
1717,2134,128350.0,2022-04-01,INR
1718,2134,126284.0,2023-04-01,INR
1719,2135,28356.0,2022-04-01,INR
1720,2135,25654.0,2023-04-01,INR
1721,2136,40161.0,2022-04-01,INR
1722,2137,45531.0,2022-04-01,INR
1723,2138,99312.0,2022-04-01,INR
1724,2138,104083.0,2023-04-01,INR
1725,2139,77552.0,2022-04-01,INR
1726,2140,382086.0,2022-04-01,INR
1727,2141,108108.0,2022-04-01,INR
1728,2141,101585.0,2023-04-01,INR
1729,2142,169942.0,2022-04-01,INR
1730,2143,34071.0,2022-04-01,INR
1731,2144,209961.0,2022-04-01,INR
1732,2144,174409.0,2023-04-01,INR
1733,2145,82559.0,2022-04-01,INR
1734,2146,107750.0,2022-04-01,INR
1735,2147,57627.0,2022-04-01,INR
1736,2148,49359.0,2022-04-01,INR
1737,2149,68263.0,2022-04-01,INR
1738,2149,62966.0,2023-04-01,INR
1739,2150,93135.0,2022-04-01,INR
1740,2151,326535.0,2022-04-01,INR
1741,2152,77930.0,2022-04-01,INR
1742,2153,64987.0,2022-04-01,INR
1743,2153,57713.0,2023-04-01,INR
1744,2154,58610.0,2022-04-01,INR
1745,2155,248150.0,2022-04-01,INR
1746,2155,220830.0,2023-04-01,INR
1747,2156,35996.0,2022-04-01,INR
1748,2157,62130.0,2022-04-01,INR
1749,2157,64496.0,2023-04-01,INR
1750,2158,62309.0,2022-04-01,INR
1751,2158,58496.0,2023-04-01,INR
1752,2159,73288.0,2022-04-01,INR
1753,2160,103386.0,2022-04-01,INR
1754,2161,189001.0,2022-04-01,INR
1755,2161,169855.0,2023-04-01,INR
1756,2162,68936.0,2022-04-01,INR
1757,2162,65077.0,2023-04-01,INR
1758,2163,121509.0,2022-04-01,INR
1759,2163,155472.0,2023-04-01,INR
1760,2164,58360.0,2022-04-01,INR
1761,2164,69447.0,2023-04-01,INR
1762,2165,334465.0,2022-04-01,INR
1763,2165,357346.0,2023-04-01,INR
1764,2166,60276.0,2022-04-01,INR
1765,2166,55339.0,2023-04-01,INR
1766,2167,48315.0,2022-04-01,INR
1767,2167,50086.0,2023-04-01,INR
1768,2168,335917.0,2022-04-01,INR
1769,2168,379004.0,2023-04-01,INR
1770,2169,317769.0,2022-04-01,INR
1771,2170,72534.0,2022-04-01,INR
1772,2171,264140.0,2022-04-01,INR
1773,2171,325907.0,2023-04-01,INR
1774,2172,277128.0,2022-04-01,INR
1775,2173,60787.0,2022-04-01,INR
1776,2173,61637.0,2023-04-01,INR
1777,2174,44075.0,2022-04-01,INR
1778,2174,51713.0,2023-04-01,INR
1779,2175,77565.0,2022-04-01,INR
1780,2175,82433.0,2023-04-01,INR
1781,2176,90795.0,2022-04-01,INR
1782,2176,112494.0,2023-04-01,INR
1783,2177,35575.0,2022-04-01,INR
1784,2178,338553.0,2022-04-01,INR
1785,2179,46371.0,2022-04-01,INR
1786,2180,60890.0,2022-04-01,INR
1787,2180,61241.0,2023-04-01,INR
1788,2181,192175.0,2022-04-01,INR
1789,2182,51864.0,2022-04-01,INR
1790,2182,47296.0,2023-04-01,INR
1791,2183,41465.0,2022-04-01,INR
1792,2183,47165.0,2023-04-01,INR
1793,2184,101410.0,2022-04-01,INR
1794,2184,97489.0,2023-04-01,INR
1795,2185,102012.0,2022-04-01,INR
1796,2185,119871.0,2023-04-01,INR
1797,2186,191360.0,2022-04-01,INR
1798,2186,170361.0,2023-04-01,INR
1799,2187,58590.0,2022-04-01,INR
1800,2188,68859.0,2022-04-01,INR
1801,2189,144998.0,2022-04-01,INR
1802,2190,163144.0,2022-04-01,INR
1803,2190,209853.0,2023-04-01,INR
1804,2191,26474.0,2022-04-01,INR
1805,2192,56513.0,2022-04-01,INR
1806,2193,44102.0,2022-04-01,INR
1807,2194,63605.0,2022-04-01,INR
1808,2195,62423.0,2022-04-01,INR
1809,2195,57441.0,2023-04-01,INR
1810,2196,27320.0,2022-04-01,INR
1811,2196,39065.0,2023-04-01,INR
1812,2197,59563.0,2022-04-01,INR
1813,2197,69270.0,2023-04-01,INR
1814,2198,280054.0,2022-04-01,INR
1815,2199,180420.0,2022-04-01,INR
1816,2199,170920.0,2023-04-01,INR
1817,2200,280769.0,2022-04-01,INR
1818,2201,65173.0,2022-04-01,INR
1819,2202,157526.0,2022-04-01,INR
1820,2203,99445.0,2022-04-01,INR
1821,2204,330956.0,2022-04-01,INR
1822,2204,264020.0,2023-04-01,INR
1823,2205,161126.0,2022-04-01,INR
1824,2206,377976.0,2022-04-01,INR
1825,2207,72207.0,2022-04-01,INR
1826,2208,290528.0,2022-04-01,INR
1827,2209,63748.0,2022-04-01,INR
1828,2210,67764.0,2022-04-01,INR
1829,2211,156270.0,2022-04-01,INR
1830,2211,144178.0,2023-04-01,INR
1831,2212,130008.0,2022-04-01,INR
1832,2213,136098.0,2022-04-01,INR
1833,2214,100665.0,2022-04-01,INR
1834,2215,52555.0,2022-04-01,INR
1835,2216,354544.0,2022-04-01,INR
1836,2216,225431.0,2023-04-01,INR
1837,2217,323233.0,2022-04-01,INR
1838,2218,95472.0,2022-04-01,INR
1839,2219,32685.0,2022-04-01,INR
1840,2220,215478.0,2022-04-01,INR
1841,2221,175854.0,2022-04-01,INR
1842,2222,64402.0,2022-04-01,INR
1843,2222,67831.0,2023-04-01,INR
1844,2223,47576.0,2022-04-01,INR
1845,2223,44027.0,2023-04-01,INR
1846,2224,42869.0,2022-04-01,INR
1847,2224,51636.0,2023-04-01,INR
1848,2225,78133.0,2022-04-01,INR
1849,2226,65487.0,2022-04-01,INR
1850,2227,92197.0,2022-04-01,INR
1851,2228,74453.0,2022-04-01,INR
1852,2228,70018.0,2023-04-01,INR
1853,2229,47549.0,2022-04-01,INR
1854,2229,48665.0,2023-04-01,INR
1855,2230,112201.0,2022-04-01,INR
1856,2230,114715.0,2023-04-01,INR
1857,2231,34016.0,2022-04-01,INR
1858,2231,33871.0,2023-04-01,INR
1859,2232,69561.0,2022-04-01,INR
1860,2232,63602.0,2023-04-01,INR
1861,2233,87028.0,2022-04-01,INR
1862,2233,81597.0,2023-04-01,INR
1863,2234,136477.0,2022-04-01,INR
1864,2234,154306.0,2023-04-01,INR
1865,2235,75468.0,2022-04-01,INR
1866,2235,86487.0,2023-04-01,INR
1867,2236,74136.0,2022-04-01,INR
1868,2236,71193.0,2023-04-01,INR
1869,2237,41202.0,2022-04-01,INR
1870,2238,38794.0,2022-04-01,INR
1871,2238,29889.0,2023-04-01,INR
1872,2239,49902.0,2022-04-01,INR
1873,2240,82536.0,2022-04-01,INR
1874,2240,82318.0,2023-04-01,INR
1875,2241,31121.0,2022-04-01,INR
1876,2241,25391.0,2023-04-01,INR
1877,2242,85965.0,2022-04-01,INR
1878,2242,76511.0,2023-04-01,INR
1879,2243,174127.0,2022-04-01,INR
1880,2244,37698.0,2022-04-01,INR
1881,2244,35460.0,2023-04-01,INR
1882,2245,189487.0,2022-04-01,INR
1883,2246,65634.0,2022-04-01,INR
1884,2247,185975.0,2022-04-01,INR
1885,2247,176023.0,2023-04-01,INR
1886,2248,25268.0,2022-04-01,INR
1887,2249,84386.0,2022-04-01,INR
1888,2250,62975.0,2022-04-01,INR
1889,2250,61541.0,2023-04-01,INR
1890,2251,36679.0,2022-04-01,INR
1891,2251,32621.0,2023-04-01,INR
1892,2252,69456.0,2022-04-01,INR
1893,2252,58353.0,2023-04-01,INR
1894,2253,168546.0,2022-04-01,INR
1895,2253,187249.0,2023-04-01,INR
1896,2254,136080.0,2022-04-01,INR
1897,2255,73318.0,2022-04-01,INR
1898,2256,82256.0,2022-04-01,INR
1899,2256,71740.0,2023-04-01,INR
1900,2257,150480.0,2022-04-01,INR
1901,2257,145333.0,2023-04-01,INR
1902,2258,125119.0,2022-04-01,INR
1903,2258,159206.0,2023-04-01,INR
1904,2259,183250.0,2022-04-01,INR
1905,2259,213811.0,2023-04-01,INR
1906,2260,40663.0,2022-04-01,INR
1907,2260,54231.0,2023-04-01,INR
1908,2261,237761.0,2022-04-01,INR
1909,2261,312401.0,2023-04-01,INR
1910,2262,172679.0,2022-04-01,INR
1911,2262,180338.0,2023-04-01,INR
1912,2263,25181.0,2022-04-01,INR
1913,2264,94782.0,2022-04-01,INR
1914,2265,71962.0,2022-04-01,INR
1915,2265,70808.0,2023-04-01,INR
1916,2266,87075.0,2022-04-01,INR
1917,2267,55395.0,2022-04-01,INR
1918,2267,62345.0,2023-04-01,INR
1919,2268,307566.0,2022-04-01,INR
1920,2268,380674.0,2023-04-01,INR
1921,2269,142736.0,2022-04-01,INR
1922,2269,141400.0,2023-04-01,INR
1923,2270,102057.0,2022-04-01,INR
1924,2270,91668.0,2023-04-01,INR
1925,2271,84365.0,2022-04-01,INR
1926,2272,62100.0,2022-04-01,INR
1927,2272,67511.0,2023-04-01,INR
1928,2273,155913.0,2022-04-01,INR
1929,2274,130048.0,2022-04-01,INR
1930,2275,181636.0,2022-04-01,INR
1931,2275,203294.0,2023-04-01,INR
1932,2276,207936.0,2022-04-01,INR
1933,2276,207352.0,2023-04-01,INR
1934,2277,257736.0,2022-04-01,INR
1935,2277,257279.0,2023-04-01,INR
1936,2278,93053.0,2022-04-01,INR
1937,2279,44518.0,2022-04-01,INR
1938,2279,46461.0,2023-04-01,INR
1939,2280,230981.0,2022-04-01,INR
1940,2281,44962.0,2022-04-01,INR
1941,2282,94356.0,2022-04-01,INR
1942,2283,83709.0,2022-04-01,INR
1943,2284,147367.0,2022-04-01,INR
1944,2285,103989.0,2022-04-01,INR
1945,2286,58450.0,2022-04-01,INR
1946,2286,55009.0,2023-04-01,INR
1947,2287,262832.0,2022-04-01,INR
1948,2288,137400.0,2022-04-01,INR
1949,2289,211577.0,2022-04-01,INR
1950,2289,164331.0,2023-04-01,INR
1951,2290,85345.0,2022-04-01,INR
1952,2291,204080.0,2022-04-01,INR
1953,2292,26871.0,2022-04-01,INR
1954,2292,26310.0,2023-04-01,INR
1955,2293,309846.0,2022-04-01,INR
1956,2293,381689.0,2023-04-01,INR
1957,2294,68936.0,2022-04-01,INR
1958,2294,62682.0,2023-04-01,INR
1959,2295,108908.0,2022-04-01,INR
1960,2295,108303.0,2023-04-01,INR
1961,2296,50346.0,2022-04-01,INR
1962,2296,50894.0,2023-04-01,INR
1963,2297,358073.0,2022-04-01,INR
1964,2297,260789.0,2023-04-01,INR
1965,2298,89459.0,2022-04-01,INR
1966,2298,78037.0,2023-04-01,INR
1967,2299,68351.0,2022-04-01,INR
1968,2300,47108.0,2022-04-01,INR
1969,2301,177838.0,2022-04-01,INR
1970,2301,181505.0,2023-04-01,INR
1971,2302,106347.0,2022-04-01,INR
1972,2302,113733.0,2023-04-01,INR
1973,2303,233444.0,2022-04-01,INR
1974,2303,375108.0,2023-04-01,INR
1975,2304,212538.0,2022-04-01,INR
1976,2304,216565.0,2023-04-01,INR
1977,2305,56744.0,2022-04-01,INR
1978,2305,68501.0,2023-04-01,INR
1979,2306,64093.0,2022-04-01,INR
1980,2307,38836.0,2022-04-01,INR
1981,2308,285205.0,2022-04-01,INR
1982,2309,219321.0,2022-04-01,INR
1983,2309,170043.0,2023-04-01,INR
1984,2310,155534.0,2022-04-01,INR
1985,2311,61760.0,2022-04-01,INR
1986,2311,67165.0,2023-04-01,INR
1987,2312,103739.0,2022-04-01,INR
1988,2312,108565.0,2023-04-01,INR
1989,2313,29900.0,2022-04-01,INR
1990,2313,26329.0,2023-04-01,INR
1991,2314,170646.0,2022-04-01,INR
1992,2315,72173.0,2022-04-01,INR
1993,2315,80287.0,2023-04-01,INR
1994,2316,188549.0,2022-04-01,INR
1995,2317,333290.0,2022-04-01,INR
1996,2317,260382.0,2023-04-01,INR
1997,2318,151009.0,2022-04-01,INR
1998,2318,122005.0,2023-04-01,INR
1999,2319,31068.0,2022-04-01,INR
2000,2319,26937.0,2023-04-01,INR
2001,2320,175445.0,2022-04-01,INR
2002,2320,191884.0,2023-04-01,INR
2003,2321,31493.0,2022-04-01,INR
2004,2321,34640.0,2023-04-01,INR
2005,2322,46640.0,2022-04-01,INR
2006,2323,77704.0,2022-04-01,INR
2007,2323,79386.0,2023-04-01,INR
2008,2324,75403.0,2022-04-01,INR
2009,2325,170432.0,2022-04-01,INR
2010,2325,199189.0,2023-04-01,INR
2011,2326,158892.0,2022-04-01,INR
2012,2326,144697.0,2023-04-01,INR
2013,2327,26649.0,2022-04-01,INR
2014,2328,56348.0,2022-04-01,INR
2015,2329,57458.0,2022-04-01,INR
2016,2330,86143.0,2022-04-01,INR
2017,2330,73024.0,2023-04-01,INR
2018,2331,91682.0,2022-04-01,INR
2019,2332,190881.0,2022-04-01,INR
2020,2333,71071.0,2022-04-01,INR
2021,2334,29774.0,2022-04-01,INR
2022,2335,51120.0,2022-04-01,INR
2023,2335,51233.0,2023-04-01,INR
2024,2336,35912.0,2022-04-01,INR
2025,2336,34371.0,2023-04-01,INR
2026,2337,122649.0,2022-04-01,INR
2027,2338,218515.0,2022-04-01,INR
2028,2339,306544.0,2022-04-01,INR
2029,2339,246206.0,2023-04-01,INR
2030,2340,34549.0,2022-04-01,INR
2031,2341,162589.0,2022-04-01,INR
2032,2342,116916.0,2022-04-01,INR
2033,2343,264547.0,2022-04-01,INR
2034,2344,53503.0,2022-04-01,INR
2035,2344,48034.0,2023-04-01,INR
2036,2345,98759.0,2022-04-01,INR
2037,2346,35083.0,2022-04-01,INR
2038,2346,38710.0,2023-04-01,INR
2039,2347,79320.0,2022-04-01,INR
2040,2348,72128.0,2022-04-01,INR
2041,2349,159725.0,2022-04-01,INR
2042,2349,137038.0,2023-04-01,INR
2043,2350,153743.0,2022-04-01,INR
2044,2351,33133.0,2022-04-01,INR
2045,2352,79296.0,2022-04-01,INR
2046,2353,46445.0,2022-04-01,INR
2047,2354,394328.0,2022-04-01,INR
2048,2354,262678.0,2023-04-01,INR
2049,2355,84827.0,2022-04-01,INR
2050,2355,81755.0,2023-04-01,INR
2051,2356,79622.0,2022-04-01,INR
2052,2356,83143.0,2023-04-01,INR
2053,2357,135409.0,2022-04-01,INR
2054,2357,140271.0,2023-04-01,INR
2055,2358,76899.0,2022-04-01,INR
2056,2358,77886.0,2023-04-01,INR
2057,2359,42436.0,2022-04-01,INR
2058,2359,51521.0,2023-04-01,INR
2059,2360,55602.0,2022-04-01,INR
2060,2361,163850.0,2022-04-01,INR
2061,2362,57419.0,2022-04-01,INR
2062,2363,47355.0,2022-04-01,INR
2063,2364,259145.0,2022-04-01,INR
2064,2365,294049.0,2022-04-01,INR
2065,2366,112535.0,2022-04-01,INR
2066,2366,100484.0,2023-04-01,INR
2067,2367,66774.0,2022-04-01,INR
2068,2368,148530.0,2022-04-01,INR
2069,2368,146861.0,2023-04-01,INR
2070,2369,65556.0,2022-04-01,INR
2071,2370,76873.0,2022-04-01,INR
2072,2370,85506.0,2023-04-01,INR
2073,2371,315475.0,2022-04-01,INR
2074,2372,61402.0,2022-04-01,INR
2075,2373,45653.0,2022-04-01,INR
2076,2374,55801.0,2022-04-01,INR
2077,2375,38780.0,2022-04-01,INR
2078,2376,61382.0,2022-04-01,INR
2079,2376,58056.0,2023-04-01,INR
2080,2377,62594.0,2022-04-01,INR
2081,2377,65786.0,2023-04-01,INR
2082,2378,52840.0,2022-04-01,INR
2083,2378,51618.0,2023-04-01,INR
2084,2379,189465.0,2022-04-01,INR
2085,2379,168709.0,2023-04-01,INR
2086,2380,83839.0,2022-04-01,INR
2087,2380,80314.0,2023-04-01,INR
2088,2381,40121.0,2022-04-01,INR
2089,2382,176423.0,2022-04-01,INR
2090,2383,56527.0,2022-04-01,INR
2091,2383,62977.0,2023-04-01,INR
2092,2384,74855.0,2022-04-01,INR
2093,2384,71377.0,2023-04-01,INR
2094,2385,282920.0,2022-04-01,INR
2095,2386,29552.0,2022-04-01,INR
2096,2386,39865.0,2023-04-01,INR
2097,2387,51809.0,2022-04-01,INR
2098,2388,187385.0,2022-04-01,INR
2099,2389,70302.0,2022-04-01,INR
2100,2390,66655.0,2022-04-01,INR
2101,2390,60619.0,2023-04-01,INR
2102,2391,30524.0,2022-04-01,INR
2103,2391,25044.0,2023-04-01,INR
2104,2392,32910.0,2022-04-01,INR
2105,2393,173832.0,2022-04-01,INR
2106,2394,30447.0,2022-04-01,INR
2107,2395,107395.0,2022-04-01,INR
2108,2395,102802.0,2023-04-01,INR
2109,2396,104252.0,2022-04-01,INR
2110,2397,189815.0,2022-04-01,INR
2111,2398,361241.0,2022-04-01,INR
2112,2398,339652.0,2023-04-01,INR
2113,2399,79322.0,2022-04-01,INR
2114,2400,40293.0,2022-04-01,INR
2115,2400,46673.0,2023-04-01,INR
2116,2401,191097.0,2022-04-01,INR
2117,2402,105189.0,2022-04-01,INR
2118,2402,119953.0,2023-04-01,INR
2119,2403,80327.0,2022-04-01,INR
2120,2404,337773.0,2022-04-01,INR
2121,2405,29919.0,2022-04-01,INR
2122,2405,39606.0,2023-04-01,INR
2123,2406,213525.0,2022-04-01,INR
2124,2407,111903.0,2022-04-01,INR
2125,2408,61468.0,2022-04-01,INR
2126,2408,59347.0,2023-04-01,INR
2127,2409,87391.0,2022-04-01,INR
2128,2410,162657.0,2022-04-01,INR
2129,2411,53459.0,2022-04-01,INR
2130,2412,135661.0,2022-04-01,INR
2131,2412,146016.0,2023-04-01,INR
2132,2413,188181.0,2022-04-01,INR
2133,2414,72493.0,2022-04-01,INR
2134,2415,48769.0,2022-04-01,INR
2135,2415,53343.0,2023-04-01,INR
2136,2416,55267.0,2022-04-01,INR
2137,2416,63220.0,2023-04-01,INR
2138,2417,377350.0,2022-04-01,INR
2139,2417,393883.0,2023-04-01,INR
2140,2418,350190.0,2022-04-01,INR
2141,2419,195002.0,2022-04-01,INR
2142,2420,115548.0,2022-04-01,INR
2143,2420,93796.0,2023-04-01,INR
2144,2421,185495.0,2022-04-01,INR
2145,2422,171615.0,2022-04-01,INR
2146,2422,195721.0,2023-04-01,INR
2147,2423,223725.0,2022-04-01,INR
2148,2424,125221.0,2022-04-01,INR
2149,2424,141546.0,2023-04-01,INR
2150,2425,32862.0,2022-04-01,INR
2151,2426,246072.0,2022-04-01,INR
2152,2427,67278.0,2022-04-01,INR
2153,2428,42769.0,2022-04-01,INR
2154,2428,50771.0,2023-04-01,INR
2155,2429,136848.0,2022-04-01,INR
2156,2429,147235.0,2023-04-01,INR
2157,2430,69843.0,2022-04-01,INR
2158,2431,173375.0,2022-04-01,INR
2159,2431,207786.0,2023-04-01,INR
2160,2432,314746.0,2022-04-01,INR
2161,2433,52535.0,2022-04-01,INR
2162,2434,45070.0,2022-04-01,INR
2163,2434,48885.0,2023-04-01,INR
2164,2435,92497.0,2022-04-01,INR
2165,2436,73979.0,2022-04-01,INR
2166,2437,135699.0,2022-04-01,INR
2167,2438,78849.0,2022-04-01,INR
2168,2439,73714.0,2022-04-01,INR
2169,2440,60530.0,2022-04-01,INR
2170,2440,56989.0,2023-04-01,INR
2171,2441,48368.0,2022-04-01,INR
2172,2441,42000.0,2023-04-01,INR
2173,2442,50944.0,2022-04-01,INR
2174,2442,50065.0,2023-04-01,INR
2175,2443,37869.0,2022-04-01,INR
2176,2443,26364.0,2023-04-01,INR
2177,2444,126031.0,2022-04-01,INR
2178,2444,143149.0,2023-04-01,INR
2179,2445,46355.0,2022-04-01,INR
2180,2446,63934.0,2022-04-01,INR
2181,2447,113767.0,2022-04-01,INR
2182,2447,90597.0,2023-04-01,INR
2183,2448,56039.0,2022-04-01,INR
2184,2449,74777.0,2022-04-01,INR
2185,2450,57627.0,2022-04-01,INR
2186,2450,63553.0,2023-04-01,INR
2187,2451,345485.0,2022-04-01,INR
2188,2452,121952.0,2022-04-01,INR
2189,2452,142294.0,2023-04-01,INR
2190,2453,37987.0,2022-04-01,INR
2191,2453,37398.0,2023-04-01,INR
2192,2454,26696.0,2022-04-01,INR
2193,2454,38226.0,2023-04-01,INR
2194,2455,28479.0,2022-04-01,INR
2195,2455,27744.0,2023-04-01,INR
2196,2456,65175.0,2022-04-01,INR
2197,2457,67672.0,2022-04-01,INR
2198,2457,64606.0,2023-04-01,INR
2199,2458,208801.0,2022-04-01,INR
2200,2459,392235.0,2022-04-01,INR
2201,2460,49133.0,2022-04-01,INR
2202,2460,52629.0,2023-04-01,INR
2203,2461,61345.0,2022-04-01,INR
2204,2461,60279.0,2023-04-01,INR
2205,2462,96524.0,2022-04-01,INR
2206,2462,119490.0,2023-04-01,INR
2207,2463,40596.0,2022-04-01,INR
2208,2464,132326.0,2022-04-01,INR
2209,2464,120243.0,2023-04-01,INR
2210,2465,25280.0,2022-04-01,INR
2211,2465,35888.0,2023-04-01,INR
2212,2466,35628.0,2022-04-01,INR
2213,2466,30549.0,2023-04-01,INR
2214,2467,67283.0,2022-04-01,INR
2215,2467,68721.0,2023-04-01,INR
2216,2468,302619.0,2022-04-01,INR
2217,2469,41396.0,2022-04-01,INR
2218,2469,42196.0,2023-04-01,INR
2219,2470,109485.0,2022-04-01,INR
2220,2471,89427.0,2022-04-01,INR
2221,2472,191026.0,2022-04-01,INR
2222,2473,64069.0,2022-04-01,INR
2223,2473,64037.0,2023-04-01,INR
2224,2474,167848.0,2022-04-01,INR
2225,2474,200956.0,2023-04-01,INR
2226,2475,80389.0,2022-04-01,INR
2227,2476,180451.0,2022-04-01,INR
2228,2477,139231.0,2022-04-01,INR
2229,2477,122551.0,2023-04-01,INR
2230,2478,55899.0,2022-04-01,INR
2231,2479,128973.0,2022-04-01,INR
2232,2479,136926.0,2023-04-01,INR
2233,2480,260117.0,2022-04-01,INR
2234,2480,293575.0,2023-04-01,INR
2235,2481,38922.0,2022-04-01,INR
2236,2481,31750.0,2023-04-01,INR
2237,2482,48699.0,2022-04-01,INR
2238,2483,56230.0,2022-04-01,INR
2239,2483,63163.0,2023-04-01,INR
2240,2484,139649.0,2022-04-01,INR
2241,2484,146664.0,2023-04-01,INR
2242,2485,226854.0,2022-04-01,INR
2243,2486,141479.0,2022-04-01,INR
2244,2486,132109.0,2023-04-01,INR
2245,2487,74503.0,2022-04-01,INR
2246,2488,143758.0,2022-04-01,INR
2247,2489,166236.0,2022-04-01,INR
2248,2490,307499.0,2022-04-01,INR
2249,2490,303443.0,2023-04-01,INR
2250,2491,27992.0,2022-04-01,INR
2251,2492,64539.0,2022-04-01,INR
2252,2493,43793.0,2022-04-01,INR
2253,2494,178121.0,2022-04-01,INR
2254,2495,215146.0,2022-04-01,INR
2255,2495,209848.0,2023-04-01,INR
2256,2496,53296.0,2022-04-01,INR
2257,2497,156199.0,2022-04-01,INR
2258,2497,139499.0,2023-04-01,INR
2259,2498,54669.0,2022-04-01,INR
2260,2499,230679.0,2022-04-01,INR
2261,2499,301760.0,2023-04-01,INR
2262,2500,56523.0,2022-04-01,INR
2263,2500,65778.0,2023-04-01,INR
