review_id,employee_id,review_year,performance_score,reviewer
1,1001,2024,65.0,HR
2,1001,2023,50.0,HR
3,1002,2025,35.0,HR
4,1003,2024,35.0,HR
5,1004,2024,100.0,HR
6,1004,2025,50.0,HR
7,1005,2023,50.0,HR
8,1005,2025,90.0,HR
9,1006,2023,,HR
10,1007,2023,70.0,HR
11,1007,2025,65.0,HR
12,1007,2024,65.0,HR
13,1008,2025,35.0,HR
14,1008,2023,100.0,HR
15,1008,2024,80.0,HR
16,1009,2025,100.0,HR
17,1009,2023,70.0,HR
18,1009,2024,35.0,HR
19,1010,2023,70.0,HR
20,1010,2024,100.0,HR
21,1011,2024,95.0,HR
22,1011,2023,,HR
23,1012,2025,80.0,HR
24,1012,2024,70.0,HR
25,1013,2023,,HR
26,1013,2024,95.0,HR
27,1013,2025,35.0,HR
28,1014,2024,,HR
29,1015,2025,80.0,HR
30,1016,2023,70.0,HR
31,1016,2025,65.0,HR
32,1016,2024,35.0,HR
33,1017,2023,35.0,HR
34,1018,2023,70.0,HR
35,1018,2024,80.0,HR
36,1018,2025,50.0,HR
37,1019,2023,35.0,HR
38,1019,2025,95.0,HR
39,1019,2024,50.0,HR
40,1020,2023,65.0,HR
41,1020,2024,65.0,HR
42,1021,2025,90.0,HR
43,1021,2023,95.0,HR
44,1021,2024,95.0,HR
45,1022,2025,70.0,HR
46,1022,2024,65.0,HR
47,1022,2023,70.0,HR
48,1023,2024,70.0,HR
49,1023,2023,95.0,HR
50,1024,2024,35.0,HR
51,1024,2025,80.0,HR
52,1025,2024,95.0,HR
53,1026,2023,35.0,HR
54,1027,2024,95.0,HR
55,1027,2025,50.0,HR
56,1027,2023,80.0,HR
57,1028,2024,80.0,HR
58,1029,2024,35.0,HR
59,1030,2025,,HR
60,1030,2023,95.0,HR
61,1031,2024,95.0,HR
62,1031,2023,70.0,HR
63,1032,2024,80.0,HR
64,1032,2025,65.0,HR
65,1032,2023,95.0,HR
66,1033,2024,65.0,HR
67,1034,2023,95.0,HR
68,1035,2023,50.0,HR
69,1035,2025,80.0,HR
70,1036,2024,80.0,HR
71,1036,2025,100.0,HR
72,1036,2023,80.0,HR
73,1037,2024,,HR
74,1037,2023,50.0,HR
75,1037,2025,70.0,HR
76,1038,2024,100.0,HR
77,1038,2023,,HR
78,1039,2025,100.0,HR
79,1039,2023,35.0,HR
80,1039,2024,65.0,HR
81,1040,2024,100.0,HR
82,1041,2025,35.0,HR
83,1041,2024,95.0,HR
84,1042,2023,50.0,HR
85,1043,2024,80.0,HR
86,1043,2025,,HR
87,1043,2023,70.0,HR
88,1044,2024,95.0,HR
89,1044,2025,95.0,HR
90,1044,2023,,HR
91,1045,2023,90.0,HR
92,1046,2024,90.0,HR
93,1047,2023,95.0,HR
94,1047,2024,70.0,HR
95,1048,2025,50.0,HR
96,1048,2023,50.0,HR
97,1049,2023,35.0,HR
98,1049,2025,70.0,HR
99,1049,2024,95.0,HR
100,1050,2025,50.0,HR
101,1050,2023,100.0,HR
102,1051,2025,70.0,HR
103,1051,2023,70.0,HR
104,1052,2024,50.0,HR
105,1053,2024,35.0,HR
106,1054,2024,,HR
107,1054,2023,95.0,HR
108,1054,2025,70.0,HR
109,1055,2024,70.0,HR
110,1056,2023,,HR
111,1056,2025,100.0,HR
112,1056,2024,70.0,HR
113,1057,2024,80.0,HR
114,1058,2023,70.0,HR
115,1058,2025,95.0,HR
116,1058,2024,90.0,HR
117,1059,2023,100.0,HR
118,1060,2023,95.0,HR
119,1060,2024,90.0,HR
120,1060,2025,90.0,HR
121,1061,2025,35.0,HR
122,1061,2023,50.0,HR
123,1062,2025,70.0,HR
124,1062,2023,65.0,HR
125,1062,2024,65.0,HR
126,1063,2025,35.0,HR
127,1064,2023,70.0,HR
128,1064,2025,65.0,HR
129,1064,2024,80.0,HR
130,1065,2023,70.0,HR
131,1065,2024,,HR
132,1066,2023,50.0,HR
133,1067,2025,80.0,HR
134,1067,2023,95.0,HR
135,1067,2024,65.0,HR
136,1068,2023,95.0,HR
137,1068,2025,35.0,HR
138,1068,2024,65.0,HR
139,1069,2023,95.0,HR
140,1069,2025,50.0,HR
141,1070,2023,70.0,HR
142,1071,2023,95.0,HR
143,1072,2024,70.0,HR
144,1073,2023,95.0,HR
145,1073,2024,65.0,HR
146,1073,2025,,HR
147,1074,2025,95.0,HR
148,1074,2023,65.0,HR
149,1074,2024,,HR
150,1075,2024,80.0,HR
151,1075,2025,,HR
152,1076,2025,35.0,HR
153,1077,2024,80.0,HR
154,1078,2025,50.0,HR
155,1078,2024,,HR
156,1079,2025,65.0,HR
157,1080,2023,100.0,HR
158,1081,2025,95.0,HR
159,1082,2025,35.0,HR
160,1082,2023,100.0,HR
161,1083,2025,70.0,HR
162,1084,2023,35.0,HR
163,1085,2025,100.0,HR
164,1085,2023,100.0,HR
165,1085,2024,50.0,HR
166,1086,2025,80.0,HR
167,1086,2023,80.0,HR
168,1087,2025,65.0,HR
169,1087,2023,35.0,HR
170,1088,2024,65.0,HR
171,1088,2023,70.0,HR
172,1089,2025,,HR
173,1089,2023,95.0,HR
174,1089,2024,50.0,HR
175,1090,2025,90.0,HR
176,1090,2023,95.0,HR
177,1091,2025,80.0,HR
178,1092,2023,35.0,HR
179,1092,2025,35.0,HR
180,1093,2025,50.0,HR
181,1093,2023,90.0,HR
182,1093,2024,65.0,HR
183,1094,2025,70.0,HR
184,1094,2023,95.0,HR
185,1094,2024,50.0,HR
186,1095,2025,35.0,HR
187,1095,2024,,HR
188,1096,2025,65.0,HR
189,1097,2024,50.0,HR
190,1097,2025,100.0,HR
191,1098,2024,65.0,HR
192,1098,2025,50.0,HR
193,1098,2023,100.0,HR
194,1099,2025,,HR
195,1100,2024,100.0,HR
196,1100,2025,50.0,HR
197,1100,2023,65.0,HR
198,1101,2024,100.0,HR
199,1102,2023,95.0,HR
200,1102,2024,35.0,HR
201,1102,2025,100.0,HR
202,1103,2024,35.0,HR
203,1103,2023,,HR
204,1104,2023,80.0,HR
205,1105,2024,90.0,HR
206,1106,2024,100.0,HR
207,1106,2023,80.0,HR
208,1106,2025,100.0,HR
209,1107,2024,95.0,HR
210,1108,2023,65.0,HR
211,1108,2025,80.0,HR
212,1108,2024,100.0,HR
213,1109,2024,90.0,HR
214,1110,2023,65.0,HR
215,1110,2024,,HR
216,1110,2025,95.0,HR
217,1111,2023,35.0,HR
218,1111,2025,95.0,HR
219,1111,2024,70.0,HR
220,1112,2024,,HR
221,1113,2025,35.0,HR
222,1113,2024,,HR
223,1113,2023,100.0,HR
224,1114,2023,50.0,HR
225,1115,2024,35.0,HR
226,1116,2024,80.0,HR
227,1117,2023,80.0,HR
228,1117,2025,65.0,HR
229,1117,2024,100.0,HR
230,1118,2024,100.0,HR
231,1118,2023,70.0,HR
232,1119,2025,100.0,HR
233,1119,2023,50.0,HR
234,1120,2024,65.0,HR
235,1120,2023,50.0,HR
236,1121,2025,95.0,HR
237,1122,2025,100.0,HR
238,1122,2024,,HR
239,1122,2023,80.0,HR
240,1123,2024,35.0,HR
241,1123,2023,70.0,HR
242,1124,2025,90.0,HR
243,1124,2023,100.0,HR
244,1125,2023,80.0,HR
245,1125,2025,80.0,HR
246,1126,2024,35.0,HR
247,1127,2024,65.0,HR
248,1127,2025,90.0,HR
249,1128,2024,65.0,HR
250,1128,2023,95.0,HR
251,1129,2025,90.0,HR
252,1130,2025,80.0,HR
253,1130,2023,70.0,HR
254,1131,2023,95.0,HR
255,1131,2025,80.0,HR
256,1131,2024,95.0,HR
257,1132,2024,70.0,HR
258,1132,2023,50.0,HR
259,1133,2023,80.0,HR
260,1133,2025,90.0,HR
261,1134,2023,90.0,HR
262,1134,2024,35.0,HR
263,1134,2025,80.0,HR
264,1135,2025,70.0,HR
265,1135,2023,70.0,HR
266,1135,2024,70.0,HR
267,1136,2024,70.0,HR
268,1137,2024,95.0,HR
269,1137,2025,70.0,HR
270,1137,2023,65.0,HR
271,1138,2023,50.0,HR
272,1139,2025,50.0,HR
273,1139,2024,100.0,HR
274,1139,2023,35.0,HR
275,1140,2023,70.0,HR
276,1140,2025,95.0,HR
277,1140,2024,70.0,HR
278,1141,2024,90.0,HR
279,1142,2023,95.0,HR
280,1143,2025,50.0,HR
281,1144,2025,100.0,HR
282,1145,2024,50.0,HR
283,1145,2025,95.0,HR
284,1146,2024,65.0,HR
285,1146,2023,70.0,HR
286,1146,2025,35.0,HR
287,1147,2025,50.0,HR
288,1148,2024,100.0,HR
289,1148,2023,65.0,HR
290,1149,2025,95.0,HR
291,1149,2023,90.0,HR
292,1149,2024,95.0,HR
293,1150,2025,80.0,HR
294,1150,2024,,HR
295,1150,2023,50.0,HR
296,1151,2024,95.0,HR
297,1151,2023,90.0,HR
298,1151,2025,,HR
299,1152,2023,50.0,HR
300,1152,2025,80.0,HR
301,1153,2023,50.0,HR
302,1153,2025,100.0,HR
303,1153,2024,80.0,HR
304,1154,2023,95.0,HR
305,1155,2024,,HR
306,1155,2025,65.0,HR
307,1155,2023,95.0,HR
308,1156,2023,65.0,HR
309,1157,2025,,HR
310,1158,2023,95.0,HR
311,1158,2025,80.0,HR
312,1158,2024,90.0,HR
313,1159,2024,50.0,HR
314,1159,2023,80.0,HR
315,1160,2025,80.0,HR
316,1161,2025,100.0,HR
317,1162,2025,90.0,HR
318,1162,2023,35.0,HR
319,1163,2023,95.0,HR
320,1163,2024,95.0,HR
321,1164,2025,100.0,HR
322,1164,2023,50.0,HR
323,1165,2025,65.0,HR
324,1166,2023,70.0,HR
325,1166,2025,35.0,HR
326,1167,2023,95.0,HR
327,1167,2024,,HR
328,1167,2025,50.0,HR
329,1168,2024,65.0,HR
330,1169,2024,70.0,HR
331,1169,2023,50.0,HR
332,1169,2025,65.0,HR
333,1170,2024,90.0,HR
334,1171,2023,100.0,HR
335,1171,2024,100.0,HR
336,1172,2024,,HR
337,1173,2024,95.0,HR
338,1174,2025,,HR
339,1174,2023,70.0,HR
340,1175,2024,50.0,HR
341,1175,2025,70.0,HR
342,1175,2023,80.0,HR
343,1176,2023,90.0,HR
344,1176,2024,80.0,HR
345,1176,2025,70.0,HR
346,1177,2025,95.0,HR
347,1177,2023,35.0,HR
348,1178,2023,90.0,HR
349,1179,2025,50.0,HR
350,1179,2023,90.0,HR
351,1179,2024,95.0,HR
352,1180,2025,100.0,HR
353,1180,2023,90.0,HR
354,1180,2024,,HR
355,1181,2025,80.0,HR
356,1181,2023,,HR
357,1181,2024,65.0,HR
358,1182,2025,95.0,HR
359,1183,2025,95.0,HR
360,1183,2023,,HR
361,1184,2025,80.0,HR
362,1184,2024,100.0,HR
363,1184,2023,,HR
364,1185,2025,100.0,HR
365,1185,2024,80.0,HR
366,1185,2023,65.0,HR
367,1186,2024,65.0,HR
368,1186,2025,90.0,HR
369,1186,2023,,HR
370,1187,2024,35.0,HR
371,1188,2024,70.0,HR
372,1188,2023,50.0,HR
373,1188,2025,65.0,HR
374,1189,2024,65.0,HR
375,1190,2024,95.0,HR
376,1190,2023,,HR
377,1191,2023,95.0,HR
378,1191,2024,50.0,HR
379,1191,2025,95.0,HR
380,1192,2023,65.0,HR
381,1192,2024,70.0,HR
382,1193,2025,100.0,HR
383,1193,2023,,HR
384,1194,2024,,HR
385,1195,2025,100.0,HR
386,1195,2023,65.0,HR
387,1196,2025,35.0,HR
388,1196,2023,90.0,HR
389,1196,2024,95.0,HR
390,1197,2023,90.0,HR
391,1197,2025,35.0,HR
392,1197,2024,100.0,HR
393,1198,2024,,HR
394,1199,2025,95.0,HR
395,1199,2023,80.0,HR
396,1200,2025,95.0,HR
397,1201,2024,50.0,HR
398,1201,2025,70.0,HR
399,1201,2023,35.0,HR
400,1202,2024,65.0,HR
401,1202,2025,70.0,HR
402,1202,2023,100.0,HR
403,1203,2025,50.0,HR
404,1203,2024,80.0,HR
405,1204,2024,95.0,HR
406,1205,2023,100.0,HR
407,1205,2025,80.0,HR
408,1205,2024,35.0,HR
409,1206,2023,95.0,HR
410,1207,2023,35.0,HR
411,1208,2025,95.0,HR
412,1208,2024,50.0,HR
413,1208,2023,35.0,HR
414,1209,2024,100.0,HR
415,1210,2023,50.0,HR
416,1211,2023,35.0,HR
417,1211,2024,50.0,HR
418,1211,2025,95.0,HR
419,1212,2023,80.0,HR
420,1212,2024,,HR
421,1212,2025,50.0,HR
422,1213,2024,95.0,HR
423,1213,2023,65.0,HR
424,1213,2025,100.0,HR
425,1214,2025,95.0,HR
426,1215,2024,90.0,HR
427,1215,2023,70.0,HR
428,1215,2025,80.0,HR
429,1216,2023,95.0,HR
430,1216,2024,95.0,HR
431,1217,2024,35.0,HR
432,1217,2025,95.0,HR
433,1217,2023,65.0,HR
434,1218,2024,,HR
435,1218,2025,65.0,HR
436,1218,2023,90.0,HR
437,1219,2025,50.0,HR
438,1220,2024,35.0,HR
439,1220,2025,65.0,HR
440,1220,2023,,HR
441,1221,2025,35.0,HR
442,1221,2023,95.0,HR
443,1221,2024,100.0,HR
444,1222,2025,70.0,HR
445,1222,2024,70.0,HR
446,1222,2023,70.0,HR
447,1223,2023,65.0,HR
448,1223,2025,90.0,HR
449,1224,2025,70.0,HR
450,1224,2023,90.0,HR
451,1225,2023,100.0,HR
452,1225,2024,50.0,HR
453,1226,2023,65.0,HR
454,1226,2025,50.0,HR
455,1227,2025,65.0,HR
456,1228,2024,50.0,HR
457,1229,2024,70.0,HR
458,1230,2025,95.0,HR
459,1230,2024,95.0,HR
460,1230,2023,100.0,HR
461,1231,2024,70.0,HR
462,1231,2025,70.0,HR
463,1231,2023,95.0,HR
464,1232,2025,100.0,HR
465,1233,2024,,HR
466,1233,2025,35.0,HR
467,1234,2023,65.0,HR
468,1234,2024,95.0,HR
469,1234,2025,80.0,HR
470,1235,2023,80.0,HR
471,1235,2025,80.0,HR
472,1235,2024,35.0,HR
473,1236,2024,70.0,HR
474,1237,2024,95.0,HR
475,1237,2023,100.0,HR
476,1237,2025,50.0,HR
477,1238,2024,95.0,HR
478,1239,2025,50.0,HR
479,1239,2023,35.0,HR
480,1239,2024,65.0,HR
481,1240,2023,50.0,HR
482,1240,2024,70.0,HR
483,1240,2025,80.0,HR
484,1241,2024,95.0,HR
485,1241,2023,,HR
486,1241,2025,95.0,HR
487,1242,2024,70.0,HR
488,1243,2023,100.0,HR
489,1243,2025,90.0,HR
490,1243,2024,95.0,HR
491,1244,2024,70.0,HR
492,1245,2024,,HR
493,1245,2023,100.0,HR
494,1245,2025,95.0,HR
495,1246,2025,95.0,HR
496,1246,2023,95.0,HR
497,1247,2023,70.0,HR
498,1247,2024,95.0,HR
499,1247,2025,100.0,HR
500,1248,2023,90.0,HR
501,1249,2024,100.0,HR
502,1250,2023,65.0,HR
503,1251,2023,90.0,HR
504,1252,2025,50.0,HR
505,1252,2023,95.0,HR
506,1253,2025,90.0,HR
507,1253,2024,100.0,HR
508,1253,2023,95.0,HR
509,1254,2025,80.0,HR
510,1255,2025,50.0,HR
511,1255,2023,100.0,HR
512,1256,2023,90.0,HR
513,1256,2025,,HR
514,1256,2024,95.0,HR
515,1257,2025,100.0,HR
516,1257,2023,,HR
517,1258,2025,95.0,HR
518,1258,2024,,HR
519,1258,2023,,HR
520,1259,2024,65.0,HR
521,1259,2023,35.0,HR
522,1259,2025,90.0,HR
523,1260,2025,70.0,HR
524,1261,2025,100.0,HR
525,1261,2024,80.0,HR
526,1261,2023,65.0,HR
527,1262,2025,,HR
528,1262,2024,100.0,HR
529,1263,2025,80.0,HR
530,1263,2023,90.0,HR
531,1263,2024,95.0,HR
532,1264,2025,95.0,HR
533,1264,2024,50.0,HR
534,1264,2023,90.0,HR
535,1265,2023,100.0,HR
536,1266,2024,95.0,HR
537,1266,2025,70.0,HR
538,1267,2025,,HR
539,1267,2023,95.0,HR
540,1267,2024,80.0,HR
541,1268,2023,95.0,HR
542,1268,2025,95.0,HR
543,1269,2025,100.0,HR
544,1269,2024,65.0,HR
545,1269,2023,,HR
546,1270,2024,65.0,HR
547,1270,2025,90.0,HR
548,1270,2023,100.0,HR
549,1271,2023,100.0,HR
550,1271,2024,90.0,HR
551,1271,2025,100.0,HR
552,1272,2024,65.0,HR
553,1273,2025,35.0,HR
554,1273,2023,80.0,HR
555,1273,2024,35.0,HR
556,1274,2024,,HR
557,1274,2025,90.0,HR
558,1274,2023,95.0,HR
559,1275,2023,65.0,HR
560,1275,2025,80.0,HR
561,1275,2024,100.0,HR
562,1276,2025,90.0,HR
563,1277,2024,65.0,HR
564,1277,2025,100.0,HR
565,1278,2024,70.0,HR
566,1278,2025,65.0,HR
567,1279,2025,65.0,HR
568,1279,2024,70.0,HR
569,1280,2023,70.0,HR
570,1280,2024,70.0,HR
571,1280,2025,100.0,HR
572,1281,2023,65.0,HR
573,1281,2024,80.0,HR
574,1281,2025,50.0,HR
575,1282,2025,100.0,HR
576,1282,2024,90.0,HR
577,1282,2023,95.0,HR
578,1283,2024,95.0,HR
579,1284,2025,65.0,HR
580,1285,2025,70.0,HR
581,1285,2023,90.0,HR
582,1286,2025,70.0,HR
583,1286,2024,100.0,HR
584,1286,2023,50.0,HR
585,1287,2025,90.0,HR
586,1287,2024,35.0,HR
587,1287,2023,95.0,HR
588,1288,2024,35.0,HR
589,1288,2025,,HR
590,1288,2023,90.0,HR
591,1289,2025,80.0,HR
592,1289,2024,70.0,HR
593,1290,2023,80.0,HR
594,1291,2025,50.0,HR
595,1291,2023,95.0,HR
596,1291,2024,,HR
597,1292,2023,70.0,HR
598,1292,2025,100.0,HR
599,1293,2024,35.0,HR
600,1293,2023,50.0,HR
601,1293,2025,90.0,HR
602,1294,2024,80.0,HR
603,1295,2024,80.0,HR
604,1296,2023,90.0,HR
605,1296,2024,70.0,HR
606,1297,2023,65.0,HR
607,1298,2025,95.0,HR
608,1298,2023,95.0,HR
609,1299,2025,95.0,HR
610,1299,2023,95.0,HR
611,1299,2024,90.0,HR
612,1300,2023,,HR
613,1301,2023,80.0,HR
614,1301,2025,50.0,HR
615,1302,2024,65.0,HR
616,1303,2024,,HR
617,1303,2023,100.0,HR
618,1304,2025,,HR
619,1304,2023,65.0,HR
620,1305,2023,90.0,HR
621,1305,2024,65.0,HR
622,1306,2025,100.0,HR
623,1307,2024,65.0,HR
624,1307,2025,90.0,HR
625,1307,2023,100.0,HR
626,1308,2024,90.0,HR
627,1308,2023,,HR
628,1309,2024,80.0,HR
629,1309,2025,80.0,HR
630,1309,2023,65.0,HR
631,1310,2024,90.0,HR
632,1311,2024,,HR
633,1311,2025,95.0,HR
634,1311,2023,90.0,HR
635,1312,2025,65.0,HR
636,1312,2024,100.0,HR
637,1313,2024,,HR
638,1314,2023,95.0,HR
639,1315,2023,35.0,HR
640,1315,2025,35.0,HR
641,1316,2023,80.0,HR
642,1317,2025,,HR
643,1317,2023,70.0,HR
644,1318,2023,65.0,HR
645,1319,2023,50.0,HR
646,1319,2024,70.0,HR
647,1319,2025,35.0,HR
648,1320,2024,35.0,HR
649,1320,2025,100.0,HR
650,1321,2025,95.0,HR
651,1322,2025,80.0,HR
652,1322,2023,80.0,HR
653,1322,2024,80.0,HR
654,1323,2025,,HR
655,1323,2024,,HR
656,1323,2023,95.0,HR
657,1324,2024,70.0,HR
658,1325,2024,80.0,HR
659,1325,2025,95.0,HR
660,1326,2025,35.0,HR
661,1327,2024,100.0,HR
662,1328,2025,80.0,HR
663,1328,2023,70.0,HR
664,1328,2024,50.0,HR
665,1329,2023,65.0,HR
666,1329,2025,70.0,HR
667,1329,2024,50.0,HR
668,1330,2023,,HR
669,1331,2025,35.0,HR
670,1332,2024,95.0,HR
671,1332,2023,35.0,HR
672,1332,2025,50.0,HR
673,1333,2023,95.0,HR
674,1333,2024,65.0,HR
675,1333,2025,70.0,HR
676,1334,2025,35.0,HR
677,1334,2024,100.0,HR
678,1334,2023,65.0,HR
679,1335,2024,95.0,HR
680,1335,2023,65.0,HR
681,1336,2024,95.0,HR
682,1337,2024,90.0,HR
683,1337,2025,100.0,HR
684,1338,2024,95.0,HR
685,1338,2025,65.0,HR
686,1338,2023,,HR
687,1339,2024,65.0,HR
688,1340,2023,100.0,HR
689,1340,2024,70.0,HR
690,1340,2025,50.0,HR
691,1341,2023,95.0,HR
692,1341,2025,50.0,HR
693,1342,2024,95.0,HR
694,1342,2023,70.0,HR
695,1342,2025,70.0,HR
696,1343,2025,,HR
697,1343,2023,,HR
698,1344,2023,90.0,HR
699,1345,2023,65.0,HR
700,1346,2025,65.0,HR
701,1346,2023,50.0,HR
702,1346,2024,95.0,HR
703,1347,2025,80.0,HR
704,1347,2023,70.0,HR
705,1348,2025,65.0,HR
706,1348,2023,90.0,HR
707,1348,2024,90.0,HR
708,1349,2023,100.0,HR
709,1349,2025,80.0,HR
710,1349,2024,80.0,HR
711,1350,2023,95.0,HR
712,1350,2024,95.0,HR
713,1351,2023,95.0,HR
714,1352,2023,,HR
715,1352,2025,90.0,HR
716,1353,2024,,HR
717,1353,2025,50.0,HR
718,1354,2024,,HR
719,1355,2024,,HR
720,1355,2023,65.0,HR
721,1355,2025,95.0,HR
722,1356,2023,35.0,HR
723,1357,2023,100.0,HR
724,1357,2024,95.0,HR
725,1358,2023,90.0,HR
726,1358,2025,65.0,HR
727,1358,2024,,HR
728,1359,2025,65.0,HR
729,1359,2023,35.0,HR
730,1359,2024,50.0,HR
731,1360,2024,95.0,HR
732,1361,2025,65.0,HR
733,1361,2023,35.0,HR
734,1361,2024,35.0,HR
735,1362,2025,,HR
736,1362,2024,95.0,HR
737,1363,2025,70.0,HR
738,1363,2024,90.0,HR
739,1363,2023,100.0,HR
740,1364,2023,100.0,HR
741,1364,2025,95.0,HR
742,1365,2023,70.0,HR
743,1366,2024,80.0,HR
744,1367,2024,50.0,HR
745,1368,2025,95.0,HR
746,1368,2024,50.0,HR
747,1368,2023,90.0,HR
748,1369,2023,,HR
749,1370,2023,65.0,HR
750,1371,2025,35.0,HR
751,1371,2023,50.0,HR
752,1371,2024,80.0,HR
753,1372,2024,80.0,HR
754,1373,2025,,HR
755,1373,2023,70.0,HR
756,1373,2024,35.0,HR
757,1374,2024,70.0,HR
758,1374,2025,,HR
759,1374,2023,95.0,HR
760,1375,2025,50.0,HR
761,1376,2024,35.0,HR
762,1377,2023,70.0,HR
763,1377,2025,65.0,HR
764,1377,2024,50.0,HR
765,1378,2025,95.0,HR
766,1378,2024,65.0,HR
767,1378,2023,35.0,HR
768,1379,2025,50.0,HR
769,1380,2023,95.0,HR
770,1381,2023,65.0,HR
771,1381,2025,35.0,HR
772,1382,2025,35.0,HR
773,1383,2023,100.0,HR
774,1383,2024,95.0,HR
775,1384,2023,,HR
776,1385,2025,80.0,HR
777,1385,2023,,HR
778,1385,2024,70.0,HR
779,1386,2024,70.0,HR
780,1386,2025,100.0,HR
781,1387,2025,65.0,HR
782,1388,2025,100.0,HR
783,1388,2024,50.0,HR
784,1389,2024,65.0,HR
785,1390,2023,80.0,HR
786,1391,2025,95.0,HR
787,1392,2025,35.0,HR
788,1392,2023,,HR
789,1392,2024,90.0,HR
790,1393,2023,,HR
791,1394,2024,35.0,HR
792,1394,2023,,HR
793,1395,2025,90.0,HR
794,1396,2025,50.0,HR
795,1396,2024,35.0,HR
796,1397,2025,,HR
797,1398,2024,35.0,HR
798,1398,2023,50.0,HR
799,1398,2025,70.0,HR
800,1399,2023,80.0,HR
801,1399,2025,70.0,HR
802,1400,2024,100.0,HR
803,1400,2025,90.0,HR
804,1401,2024,70.0,HR
805,1401,2023,35.0,HR
806,1402,2023,35.0,HR
807,1402,2025,65.0,HR
808,1403,2023,50.0,HR
809,1403,2024,90.0,HR
810,1404,2023,100.0,HR
811,1404,2024,95.0,HR
812,1404,2025,80.0,HR
813,1405,2023,,HR
814,1406,2023,95.0,HR
815,1406,2024,95.0,HR
816,1406,2025,,HR
817,1407,2024,70.0,HR
818,1408,2023,80.0,HR
819,1409,2025,90.0,HR
820,1409,2023,80.0,HR
821,1409,2024,65.0,HR
822,1410,2025,80.0,HR
823,1410,2023,35.0,HR
824,1410,2024,70.0,HR
825,1411,2023,35.0,HR
826,1412,2024,,HR
827,1412,2025,95.0,HR
828,1412,2023,90.0,HR
829,1413,2024,90.0,HR
830,1413,2023,95.0,HR
831,1414,2025,80.0,HR
832,1414,2024,95.0,HR
833,1414,2023,65.0,HR
834,1415,2024,95.0,HR
835,1416,2023,80.0,HR
836,1417,2024,50.0,HR
837,1417,2023,35.0,HR
838,1418,2023,35.0,HR
839,1418,2025,70.0,HR
840,1418,2024,35.0,HR
841,1419,2024,95.0,HR
842,1419,2023,95.0,HR
843,1419,2025,80.0,HR
844,1420,2024,65.0,HR
845,1421,2025,100.0,HR
846,1421,2023,35.0,HR
847,1422,2023,50.0,HR
848,1422,2024,65.0,HR
849,1422,2025,,HR
850,1423,2025,50.0,HR
851,1424,2025,95.0,HR
852,1424,2023,50.0,HR
853,1425,2025,35.0,HR
854,1426,2024,70.0,HR
855,1426,2023,35.0,HR
856,1427,2025,90.0,HR
857,1427,2023,50.0,HR
858,1428,2024,90.0,HR
859,1429,2024,70.0,HR
860,1429,2025,95.0,HR
861,1429,2023,65.0,HR
862,1430,2025,70.0,HR
863,1431,2023,,HR
864,1432,2023,100.0,HR
865,1432,2024,100.0,HR
866,1433,2024,95.0,HR
867,1433,2025,,HR
868,1433,2023,80.0,HR
869,1434,2023,50.0,HR
870,1434,2025,100.0,HR
871,1435,2024,70.0,HR
872,1436,2023,95.0,HR
873,1436,2024,80.0,HR
874,1436,2025,95.0,HR
875,1437,2024,50.0,HR
876,1437,2023,90.0,HR
877,1438,2023,95.0,HR
878,1438,2025,35.0,HR
879,1438,2024,35.0,HR
880,1439,2024,95.0,HR
881,1440,2024,80.0,HR
882,1440,2023,90.0,HR
883,1441,2025,50.0,HR
884,1441,2023,35.0,HR
885,1441,2024,95.0,HR
886,1442,2024,80.0,HR
887,1442,2025,35.0,HR
888,1442,2023,35.0,HR
889,1443,2025,100.0,HR
890,1443,2024,100.0,HR
891,1443,2023,50.0,HR
892,1444,2025,90.0,HR
893,1444,2024,70.0,HR
894,1444,2023,50.0,HR
895,1445,2023,80.0,HR
896,1445,2025,,HR
897,1446,2025,,HR
898,1446,2023,95.0,HR
899,1446,2024,95.0,HR
900,1447,2025,50.0,HR
901,1447,2024,70.0,HR
902,1447,2023,95.0,HR
903,1448,2024,95.0,HR
904,1448,2023,,HR
905,1448,2025,100.0,HR
906,1449,2024,95.0,HR
907,1449,2023,50.0,HR
908,1449,2025,65.0,HR
909,1450,2024,80.0,HR
910,1451,2024,95.0,HR
911,1452,2024,65.0,HR
912,1452,2023,90.0,HR
913,1452,2025,95.0,HR
914,1453,2023,100.0,HR
915,1454,2025,,HR
916,1454,2024,95.0,HR
917,1454,2023,35.0,HR
918,1455,2025,80.0,HR
919,1456,2024,65.0,HR
920,1457,2023,95.0,HR
921,1458,2025,95.0,HR
922,1459,2023,95.0,HR
923,1459,2025,35.0,HR
924,1459,2024,65.0,HR
925,1460,2025,50.0,HR
926,1460,2023,100.0,HR
927,1460,2024,50.0,HR
928,1461,2024,,HR
929,1462,2025,50.0,HR
930,1462,2024,50.0,HR
931,1462,2023,95.0,HR
932,1463,2025,100.0,HR
933,1464,2025,50.0,HR
934,1464,2024,100.0,HR
935,1464,2023,95.0,HR
936,1465,2024,65.0,HR
937,1465,2023,50.0,HR
938,1466,2024,,HR
939,1466,2023,95.0,HR
940,1467,2024,100.0,HR
941,1467,2025,65.0,HR
942,1467,2023,35.0,HR
943,1468,2024,100.0,HR
944,1469,2024,95.0,HR
945,1470,2024,65.0,HR
946,1470,2023,70.0,HR
947,1471,2025,80.0,HR
948,1471,2023,,HR
949,1472,2023,65.0,HR
950,1472,2025,100.0,HR
951,1473,2025,65.0,HR
952,1473,2024,,HR
953,1474,2024,95.0,HR
954,1474,2023,,HR
955,1474,2025,95.0,HR
956,1475,2025,35.0,HR
957,1475,2023,,HR
958,1475,2024,90.0,HR
959,1476,2025,50.0,HR
960,1477,2023,50.0,HR
961,1477,2024,90.0,HR
962,1478,2023,100.0,HR
963,1478,2024,70.0,HR
964,1479,2024,80.0,HR
965,1480,2025,95.0,HR
966,1480,2023,90.0,HR
967,1480,2024,50.0,HR
968,1481,2025,65.0,HR
969,1481,2024,80.0,HR
970,1482,2023,,HR
971,1482,2024,95.0,HR
972,1482,2025,95.0,HR
973,1483,2023,35.0,HR
974,1483,2024,80.0,HR
975,1483,2025,95.0,HR
976,1484,2024,95.0,HR
977,1484,2023,35.0,HR
978,1484,2025,65.0,HR
979,1485,2024,65.0,HR
980,1485,2023,65.0,HR
981,1485,2025,90.0,HR
982,1486,2023,100.0,HR
983,1486,2024,100.0,HR
984,1486,2025,65.0,HR
985,1487,2025,,HR
986,1488,2024,100.0,HR
987,1489,2025,,HR
988,1489,2023,35.0,HR
989,1490,2023,95.0,HR
990,1490,2024,95.0,HR
991,1491,2025,95.0,HR
992,1492,2025,35.0,HR
993,1492,2023,,HR
994,1492,2024,50.0,HR
995,1493,2024,50.0,HR
996,1494,2023,,HR
997,1495,2023,70.0,HR
998,1495,2024,95.0,HR
999,1495,2025,50.0,HR
1000,1496,2023,95.0,HR
1001,1497,2024,65.0,HR
1002,1497,2023,70.0,HR
1003,1497,2025,35.0,HR
1004,1498,2024,95.0,HR
1005,1498,2023,90.0,HR
1006,1499,2023,80.0,HR
1007,1499,2025,80.0,HR
1008,1499,2024,95.0,HR
1009,1500,2024,50.0,HR
1010,1501,2023,35.0,HR
1011,1501,2024,70.0,HR
1012,1501,2025,80.0,HR
1013,1502,2023,95.0,HR
1014,1502,2024,50.0,HR
1015,1503,2025,50.0,HR
1016,1503,2024,100.0,HR
1017,1504,2025,80.0,HR
1018,1505,2025,95.0,HR
1019,1505,2023,95.0,HR
1020,1505,2024,100.0,HR
1021,1506,2023,80.0,HR
1022,1507,2024,80.0,HR
1023,1508,2025,70.0,HR
1024,1508,2023,90.0,HR
1025,1509,2023,80.0,HR
1026,1509,2024,100.0,HR
1027,1509,2025,95.0,HR
1028,1510,2025,,HR
1029,1510,2023,100.0,HR
1030,1510,2024,95.0,HR
1031,1511,2025,,HR
1032,1511,2024,80.0,HR
1033,1512,2023,,HR
1034,1512,2024,80.0,HR
1035,1512,2025,90.0,HR
1036,1513,2023,,HR
1037,1513,2025,65.0,HR
1038,1513,2024,,HR
1039,1514,2023,90.0,HR
1040,1514,2025,70.0,HR
1041,1514,2024,95.0,HR
1042,1515,2023,50.0,HR
1043,1515,2024,95.0,HR
1044,1515,2025,50.0,HR
1045,1516,2025,70.0,HR
1046,1516,2023,,HR
1047,1517,2025,95.0,HR
1048,1517,2024,90.0,HR
1049,1517,2023,70.0,HR
1050,1518,2025,50.0,HR
1051,1518,2023,100.0,HR
1052,1519,2024,,HR
1053,1519,2025,35.0,HR
1054,1519,2023,95.0,HR
1055,1520,2023,35.0,HR
1056,1520,2025,,HR
1057,1521,2025,80.0,HR
1058,1521,2024,100.0,HR
1059,1521,2023,,HR
1060,1522,2023,80.0,HR
1061,1522,2025,95.0,HR
1062,1523,2025,100.0,HR
1063,1523,2024,,HR
1064,1524,2024,95.0,HR
1065,1524,2025,35.0,HR
1066,1525,2024,65.0,HR
1067,1525,2025,35.0,HR
1068,1526,2024,90.0,HR
1069,1526,2025,95.0,HR
1070,1527,2024,,HR
1071,1527,2023,95.0,HR
1072,1528,2024,70.0,HR
1073,1528,2023,100.0,HR
1074,1529,2023,70.0,HR
1075,1529,2024,90.0,HR
1076,1529,2025,80.0,HR
1077,1530,2024,65.0,HR
1078,1530,2023,95.0,HR
1079,1531,2025,35.0,HR
1080,1531,2024,50.0,HR
1081,1532,2025,,HR
1082,1532,2024,,HR
1083,1533,2023,35.0,HR
1084,1533,2025,95.0,HR
1085,1534,2023,50.0,HR
1086,1535,2023,80.0,HR
1087,1536,2024,95.0,HR
1088,1537,2025,80.0,HR
1089,1537,2024,95.0,HR
1090,1538,2024,,HR
1091,1539,2024,35.0,HR
1092,1540,2023,65.0,HR
1093,1541,2025,50.0,HR
1094,1541,2023,90.0,HR
1095,1542,2024,35.0,HR
1096,1542,2025,100.0,HR
1097,1542,2023,35.0,HR
1098,1543,2024,,HR
1099,1544,2024,100.0,HR
1100,1544,2025,65.0,HR
1101,1544,2023,70.0,HR
1102,1545,2023,,HR
1103,1546,2024,80.0,HR
1104,1546,2025,95.0,HR
1105,1546,2023,65.0,HR
1106,1547,2024,95.0,HR
1107,1547,2025,50.0,HR
1108,1547,2023,65.0,HR
1109,1548,2023,70.0,HR
1110,1548,2025,100.0,HR
1111,1548,2024,80.0,HR
1112,1549,2025,95.0,HR
1113,1550,2023,90.0,HR
1114,1550,2024,,HR
1115,1551,2024,100.0,HR
1116,1551,2023,90.0,HR
1117,1551,2025,65.0,HR
1118,1552,2024,80.0,HR
1119,1552,2023,65.0,HR
1120,1553,2025,100.0,HR
1121,1554,2023,90.0,HR
1122,1554,2024,80.0,HR
1123,1554,2025,35.0,HR
1124,1555,2025,95.0,HR
1125,1556,2024,80.0,HR
1126,1556,2025,95.0,HR
1127,1557,2025,70.0,HR
1128,1557,2023,50.0,HR
1129,1558,2023,70.0,HR
1130,1559,2025,95.0,HR
1131,1560,2025,,HR
1132,1560,2024,50.0,HR
1133,1561,2024,70.0,HR
1134,1561,2025,70.0,HR
1135,1562,2024,65.0,HR
1136,1562,2023,35.0,HR
1137,1562,2025,70.0,HR
1138,1563,2025,50.0,HR
1139,1563,2024,95.0,HR
1140,1563,2023,90.0,HR
1141,1564,2023,,HR
1142,1564,2025,95.0,HR
1143,1564,2024,70.0,HR
1144,1565,2024,90.0,HR
1145,1566,2025,95.0,HR
1146,1566,2023,,HR
1147,1566,2024,70.0,HR
1148,1567,2025,80.0,HR
1149,1567,2023,,HR
1150,1568,2024,70.0,HR
1151,1569,2023,50.0,HR
1152,1569,2025,100.0,HR
1153,1570,2025,95.0,HR
1154,1571,2024,100.0,HR
1155,1571,2025,50.0,HR
1156,1572,2024,80.0,HR
1157,1572,2023,80.0,HR
1158,1573,2025,80.0,HR
1159,1573,2024,80.0,HR
1160,1574,2023,100.0,HR
1161,1574,2025,90.0,HR
1162,1575,2023,95.0,HR
1163,1575,2024,100.0,HR
1164,1575,2025,50.0,HR
1165,1576,2025,90.0,HR
1166,1577,2025,,HR
1167,1578,2023,100.0,HR
1168,1579,2025,100.0,HR
1169,1579,2024,95.0,HR
1170,1580,2025,,HR
1171,1580,2024,35.0,HR
1172,1580,2023,80.0,HR
1173,1581,2024,95.0,HR
1174,1581,2023,50.0,HR
1175,1582,2024,80.0,HR
1176,1582,2023,95.0,HR
1177,1583,2023,50.0,HR
1178,1584,2025,65.0,HR
1179,1584,2024,80.0,HR
1180,1584,2023,65.0,HR
1181,1585,2025,70.0,HR
1182,1586,2024,70.0,HR
1183,1586,2023,,HR
1184,1586,2025,50.0,HR
1185,1587,2023,100.0,HR
1186,1588,2023,65.0,HR
1187,1588,2024,,HR
1188,1589,2023,100.0,HR
1189,1590,2023,65.0,HR
1190,1590,2025,50.0,HR
1191,1590,2024,35.0,HR
1192,1591,2023,65.0,HR
1193,1592,2023,35.0,HR
1194,1593,2023,100.0,HR
1195,1594,2024,95.0,HR
1196,1594,2025,50.0,HR
1197,1595,2023,100.0,HR
1198,1596,2025,50.0,HR
1199,1596,2024,35.0,HR
1200,1596,2023,100.0,HR
1201,1597,2024,70.0,HR
1202,1598,2024,80.0,HR
1203,1598,2023,35.0,HR
1204,1599,2023,70.0,HR
1205,1599,2024,50.0,HR
1206,1599,2025,,HR
1207,1600,2023,95.0,HR
1208,1600,2024,100.0,HR
1209,1600,2025,65.0,HR
1210,1601,2024,80.0,HR
1211,1602,2025,50.0,HR
1212,1602,2024,35.0,HR
1213,1603,2023,35.0,HR
1214,1604,2024,35.0,HR
1215,1604,2023,90.0,HR
1216,1605,2024,95.0,HR
1217,1605,2025,50.0,HR
1218,1606,2023,95.0,HR
1219,1606,2025,95.0,HR
1220,1607,2024,50.0,HR
1221,1607,2025,50.0,HR
1222,1607,2023,35.0,HR
1223,1608,2024,50.0,HR
1224,1608,2025,50.0,HR
1225,1608,2023,70.0,HR
1226,1609,2023,100.0,HR
1227,1609,2024,90.0,HR
1228,1610,2024,,HR
1229,1611,2024,100.0,HR
1230,1611,2025,,HR
1231,1611,2023,35.0,HR
1232,1612,2025,95.0,HR
1233,1612,2023,95.0,HR
1234,1613,2023,95.0,HR
1235,1613,2024,100.0,HR
1236,1613,2025,,HR
1237,1614,2025,95.0,HR
1238,1614,2024,,HR
1239,1614,2023,95.0,HR
1240,1615,2025,70.0,HR
1241,1616,2024,100.0,HR
1242,1616,2023,95.0,HR
1243,1616,2025,,HR
1244,1617,2024,35.0,HR
1245,1618,2025,65.0,HR
1246,1618,2024,90.0,HR
1247,1619,2023,95.0,HR
1248,1619,2024,35.0,HR
1249,1620,2025,35.0,HR
1250,1620,2023,50.0,HR
1251,1620,2024,65.0,HR
1252,1621,2025,95.0,HR
1253,1621,2024,100.0,HR
1254,1622,2025,35.0,HR
1255,1622,2023,80.0,HR
1256,1622,2024,50.0,HR
1257,1623,2023,50.0,HR
1258,1623,2024,95.0,HR
1259,1623,2025,90.0,HR
1260,1624,2025,50.0,HR
1261,1624,2024,95.0,HR
1262,1625,2024,50.0,HR
1263,1625,2025,65.0,HR
1264,1626,2024,,HR
1265,1626,2025,65.0,HR
1266,1627,2023,100.0,HR
1267,1628,2025,50.0,HR
1268,1628,2023,,HR
1269,1628,2024,,HR
1270,1629,2023,80.0,HR
1271,1629,2024,65.0,HR
1272,1630,2023,,HR
1273,1631,2024,95.0,HR
1274,1631,2023,35.0,HR
1275,1632,2024,65.0,HR
1276,1632,2025,50.0,HR
1277,1632,2023,100.0,HR
1278,1633,2025,90.0,HR
1279,1633,2024,95.0,HR
1280,1634,2024,95.0,HR
1281,1635,2023,65.0,HR
1282,1635,2025,90.0,HR
1283,1635,2024,95.0,HR
1284,1636,2025,,HR
1285,1637,2025,35.0,HR
1286,1638,2025,95.0,HR
1287,1639,2025,90.0,HR
1288,1640,2024,95.0,HR
1289,1640,2023,65.0,HR
1290,1641,2023,80.0,HR
1291,1642,2023,100.0,HR
1292,1642,2025,,HR
1293,1643,2025,35.0,HR
1294,1643,2024,35.0,HR
1295,1644,2024,100.0,HR
1296,1645,2025,80.0,HR
1297,1645,2023,95.0,HR
1298,1645,2024,70.0,HR
1299,1646,2023,95.0,HR
1300,1647,2024,100.0,HR
1301,1648,2023,50.0,HR
1302,1648,2024,35.0,HR
1303,1649,2025,50.0,HR
1304,1649,2023,50.0,HR
1305,1650,2024,95.0,HR
1306,1650,2023,50.0,HR
1307,1650,2025,50.0,HR
1308,1651,2023,50.0,HR
1309,1651,2024,35.0,HR
1310,1652,2024,35.0,HR
1311,1652,2023,,HR
1312,1652,2025,65.0,HR
1313,1653,2023,35.0,HR
1314,1654,2023,,HR
1315,1654,2024,90.0,HR
1316,1655,2023,80.0,HR
1317,1655,2025,50.0,HR
1318,1655,2024,100.0,HR
1319,1656,2024,70.0,HR
1320,1656,2025,65.0,HR
1321,1656,2023,,HR
1322,1657,2024,95.0,HR
1323,1657,2025,90.0,HR
1324,1657,2023,65.0,HR
1325,1658,2024,50.0,HR
1326,1658,2025,95.0,HR
1327,1658,2023,50.0,HR
1328,1659,2025,70.0,HR
1329,1659,2023,80.0,HR
1330,1659,2024,100.0,HR
1331,1660,2023,50.0,HR
1332,1661,2024,90.0,HR
1333,1662,2023,90.0,HR
1334,1663,2025,65.0,HR
1335,1663,2024,50.0,HR
1336,1663,2023,95.0,HR
1337,1664,2023,95.0,HR
1338,1664,2024,80.0,HR
1339,1665,2023,95.0,HR
1340,1665,2024,100.0,HR
1341,1665,2025,35.0,HR
1342,1666,2024,35.0,HR
1343,1666,2025,95.0,HR
1344,1667,2023,80.0,HR
1345,1667,2025,80.0,HR
1346,1668,2025,65.0,HR
1347,1668,2023,90.0,HR
1348,1668,2024,70.0,HR
1349,1669,2025,95.0,HR
1350,1669,2024,65.0,HR
1351,1670,2023,35.0,HR
1352,1670,2024,95.0,HR
1353,1670,2025,95.0,HR
1354,1671,2025,95.0,HR
1355,1671,2023,90.0,HR
1356,1672,2025,90.0,HR
1357,1672,2024,50.0,HR
1358,1673,2024,70.0,HR
1359,1673,2023,,HR
1360,1674,2025,35.0,HR
1361,1675,2023,50.0,HR
1362,1675,2024,35.0,HR
1363,1675,2025,95.0,HR
1364,1676,2025,,HR
1365,1676,2024,50.0,HR
1366,1676,2023,70.0,HR
1367,1677,2023,50.0,HR
1368,1678,2025,50.0,HR
1369,1678,2024,,HR
1370,1679,2023,80.0,HR
1371,1679,2025,95.0,HR
1372,1679,2024,95.0,HR
1373,1680,2025,65.0,HR
1374,1681,2025,35.0,HR
1375,1682,2025,70.0,HR
1376,1682,2024,90.0,HR
1377,1683,2025,65.0,HR
1378,1683,2023,35.0,HR
1379,1684,2025,65.0,HR
1380,1685,2024,90.0,HR
1381,1686,2024,65.0,HR
1382,1686,2023,95.0,HR
1383,1686,2025,35.0,HR
1384,1687,2024,50.0,HR
1385,1688,2023,90.0,HR
1386,1688,2025,,HR
1387,1689,2024,35.0,HR
1388,1689,2025,95.0,HR
1389,1690,2023,50.0,HR
1390,1690,2024,95.0,HR
1391,1691,2023,,HR
1392,1691,2025,100.0,HR
1393,1691,2024,35.0,HR
1394,1692,2025,35.0,HR
1395,1692,2024,70.0,HR
1396,1693,2023,95.0,HR
1397,1693,2025,80.0,HR
1398,1693,2024,,HR
1399,1694,2024,35.0,HR
1400,1695,2025,,HR
1401,1696,2023,80.0,HR
1402,1697,2023,70.0,HR
1403,1697,2025,95.0,HR
1404,1698,2025,,HR
1405,1699,2024,100.0,HR
1406,1699,2023,80.0,HR
1407,1699,2025,,HR
1408,1700,2023,90.0,HR
1409,1701,2025,90.0,HR
1410,1701,2023,70.0,HR
1411,1701,2024,90.0,HR
1412,1702,2025,35.0,HR
1413,1702,2024,90.0,HR
1414,1702,2023,95.0,HR
1415,1703,2023,35.0,HR
1416,1704,2024,35.0,HR
1417,1704,2023,95.0,HR
1418,1705,2024,100.0,HR
1419,1705,2023,95.0,HR
1420,1705,2025,95.0,HR
1421,1706,2024,70.0,HR
1422,1706,2023,95.0,HR
1423,1707,2024,70.0,HR
1424,1707,2023,,HR
1425,1707,2025,80.0,HR
1426,1708,2025,70.0,HR
1427,1708,2024,35.0,HR
1428,1709,2024,95.0,HR
1429,1710,2024,90.0,HR
1430,1710,2023,90.0,HR
1431,1711,2023,65.0,HR
1432,1712,2024,95.0,HR
1433,1712,2023,70.0,HR
1434,1712,2025,95.0,HR
1435,1713,2024,95.0,HR
1436,1713,2023,65.0,HR
1437,1714,2023,100.0,HR
1438,1714,2024,80.0,HR
1439,1715,2025,35.0,HR
1440,1716,2023,70.0,HR
1441,1716,2025,80.0,HR
1442,1716,2024,90.0,HR
1443,1717,2023,35.0,HR
1444,1718,2023,35.0,HR
1445,1718,2025,90.0,HR
1446,1718,2024,70.0,HR
1447,1719,2025,100.0,HR
1448,1720,2024,35.0,HR
1449,1720,2025,65.0,HR
1450,1720,2023,50.0,HR
1451,1721,2024,95.0,HR
1452,1722,2023,,HR
1453,1722,2025,35.0,HR
1454,1723,2025,95.0,HR
1455,1723,2024,90.0,HR
1456,1724,2025,,HR
1457,1724,2024,65.0,HR
1458,1724,2023,50.0,HR
1459,1725,2025,,HR
1460,1726,2024,95.0,HR
1461,1726,2023,35.0,HR
1462,1727,2023,95.0,HR
1463,1728,2023,95.0,HR
1464,1728,2025,90.0,HR
1465,1728,2024,90.0,HR
1466,1729,2023,95.0,HR
1467,1729,2025,95.0,HR
1468,1729,2024,35.0,HR
1469,1730,2025,95.0,HR
1470,1730,2023,50.0,HR
1471,1730,2024,50.0,HR
1472,1731,2023,100.0,HR
1473,1731,2025,35.0,HR
1474,1732,2023,95.0,HR
1475,1733,2023,50.0,HR
1476,1733,2025,90.0,HR
1477,1733,2024,100.0,HR
1478,1734,2025,,HR
1479,1735,2025,90.0,HR
1480,1735,2023,,HR
1481,1736,2024,50.0,HR
1482,1737,2025,95.0,HR
1483,1738,2025,90.0,HR
1484,1739,2025,,HR
1485,1739,2023,90.0,HR
1486,1740,2025,65.0,HR
1487,1740,2024,50.0,HR
1488,1740,2023,95.0,HR
1489,1741,2025,90.0,HR
1490,1741,2023,70.0,HR
1491,1741,2024,95.0,HR
1492,1742,2025,100.0,HR
1493,1742,2023,95.0,HR
1494,1742,2024,,HR
1495,1743,2025,,HR
1496,1744,2023,90.0,HR
1497,1744,2024,80.0,HR
1498,1745,2025,50.0,HR
1499,1746,2023,65.0,HR
1500,1746,2025,35.0,HR
1501,1746,2024,35.0,HR
1502,1747,2025,70.0,HR
1503,1748,2024,65.0,HR
1504,1748,2023,65.0,HR
1505,1748,2025,35.0,HR
1506,1749,2023,80.0,HR
1507,1749,2024,95.0,HR
1508,1750,2025,65.0,HR
1509,1750,2023,100.0,HR
1510,1751,2023,90.0,HR
1511,1751,2025,,HR
1512,1751,2024,,HR
1513,1752,2023,35.0,HR
1514,1752,2025,65.0,HR
1515,1752,2024,35.0,HR
1516,1753,2023,65.0,HR
1517,1753,2025,70.0,HR
1518,1753,2024,65.0,HR
1519,1754,2025,95.0,HR
1520,1755,2024,50.0,HR
1521,1755,2023,70.0,HR
1522,1756,2025,35.0,HR
1523,1756,2023,65.0,HR
1524,1757,2023,35.0,HR
1525,1757,2024,95.0,HR
1526,1757,2025,80.0,HR
1527,1758,2023,35.0,HR
1528,1758,2025,90.0,HR
1529,1759,2025,95.0,HR
1530,1759,2023,95.0,HR
1531,1759,2024,90.0,HR
1532,1760,2025,,HR
1533,1760,2023,100.0,HR
1534,1761,2023,50.0,HR
1535,1762,2023,95.0,HR
1536,1762,2025,50.0,HR
1537,1762,2024,95.0,HR
1538,1763,2024,65.0,HR
1539,1763,2023,,HR
1540,1764,2025,35.0,HR
1541,1764,2023,80.0,HR
1542,1764,2024,70.0,HR
1543,1765,2025,,HR
1544,1765,2024,95.0,HR
1545,1765,2023,95.0,HR
1546,1766,2023,,HR
1547,1767,2023,50.0,HR
1548,1768,2024,100.0,HR
1549,1768,2023,35.0,HR
1550,1769,2024,95.0,HR
1551,1769,2025,95.0,HR
1552,1770,2023,70.0,HR
1553,1770,2024,95.0,HR
1554,1771,2023,,HR
1555,1772,2024,35.0,HR
1556,1772,2025,80.0,HR
1557,1772,2023,,HR
1558,1773,2024,35.0,HR
1559,1773,2025,95.0,HR
1560,1774,2024,80.0,HR
1561,1774,2023,,HR
1562,1775,2025,70.0,HR
1563,1776,2024,80.0,HR
1564,1776,2025,,HR
1565,1776,2023,95.0,HR
1566,1777,2024,70.0,HR
1567,1778,2023,95.0,HR
1568,1779,2024,50.0,HR
1569,1780,2024,65.0,HR
1570,1781,2023,65.0,HR
1571,1781,2024,90.0,HR
1572,1782,2025,65.0,HR
1573,1782,2024,50.0,HR
1574,1782,2023,100.0,HR
1575,1783,2025,,HR
1576,1783,2023,,HR
1577,1783,2024,50.0,HR
1578,1784,2025,70.0,HR
1579,1784,2024,80.0,HR
1580,1784,2023,50.0,HR
1581,1785,2025,70.0,HR
1582,1785,2024,70.0,HR
1583,1785,2023,100.0,HR
1584,1786,2023,80.0,HR
1585,1786,2025,95.0,HR
1586,1787,2024,35.0,HR
1587,1788,2025,70.0,HR
1588,1788,2023,70.0,HR
1589,1789,2023,70.0,HR
1590,1789,2025,50.0,HR
1591,1790,2025,90.0,HR
1592,1791,2025,35.0,HR
1593,1791,2024,90.0,HR
1594,1791,2023,80.0,HR
1595,1792,2024,,HR
1596,1792,2025,80.0,HR
1597,1793,2024,95.0,HR
1598,1793,2025,,HR
1599,1794,2025,70.0,HR
1600,1794,2024,90.0,HR
1601,1794,2023,70.0,HR
1602,1795,2024,80.0,HR
1603,1795,2025,95.0,HR
1604,1796,2025,50.0,HR
1605,1796,2024,95.0,HR
1606,1797,2024,65.0,HR
1607,1798,2023,90.0,HR
1608,1799,2024,100.0,HR
1609,1799,2023,35.0,HR
1610,1800,2024,90.0,HR
1611,1800,2025,65.0,HR
1612,1800,2023,95.0,HR
1613,1801,2023,,HR
1614,1801,2024,95.0,HR
1615,1801,2025,95.0,HR
1616,1802,2024,50.0,HR
1617,1802,2023,70.0,HR
1618,1803,2024,80.0,HR
1619,1804,2023,90.0,HR
1620,1805,2025,65.0,HR
1621,1805,2023,95.0,HR
1622,1805,2024,50.0,HR
1623,1806,2023,100.0,HR
1624,1806,2024,,HR
1625,1807,2023,65.0,HR
1626,1808,2023,90.0,HR
1627,1808,2024,80.0,HR
1628,1809,2025,35.0,HR
1629,1810,2025,70.0,HR
1630,1810,2024,95.0,HR
1631,1811,2023,35.0,HR
1632,1812,2025,50.0,HR
1633,1813,2025,65.0,HR
1634,1813,2024,65.0,HR
1635,1814,2023,90.0,HR
1636,1815,2025,100.0,HR
1637,1815,2024,80.0,HR
1638,1815,2023,90.0,HR
1639,1816,2023,90.0,HR
1640,1817,2024,100.0,HR
1641,1817,2023,95.0,HR
1642,1817,2025,80.0,HR
1643,1818,2025,35.0,HR
1644,1818,2024,50.0,HR
1645,1819,2023,35.0,HR
1646,1819,2025,100.0,HR
1647,1820,2024,70.0,HR
1648,1820,2023,95.0,HR
1649,1821,2024,,HR
1650,1821,2023,95.0,HR
1651,1822,2025,95.0,HR
1652,1822,2024,70.0,HR
1653,1823,2024,35.0,HR
1654,1824,2024,35.0,HR
1655,1825,2023,95.0,HR
1656,1825,2024,100.0,HR
1657,1825,2025,50.0,HR
1658,1826,2024,90.0,HR
1659,1827,2025,35.0,HR
1660,1827,2023,65.0,HR
1661,1827,2024,95.0,HR
1662,1828,2023,80.0,HR
1663,1828,2025,65.0,HR
1664,1828,2024,90.0,HR
1665,1829,2025,50.0,HR
1666,1829,2023,95.0,HR
1667,1830,2025,80.0,HR
1668,1831,2025,50.0,HR
1669,1832,2024,100.0,HR
1670,1833,2025,65.0,HR
1671,1833,2023,35.0,HR
1672,1833,2024,70.0,HR
1673,1834,2023,95.0,HR
1674,1835,2024,100.0,HR
1675,1835,2025,95.0,HR
1676,1835,2023,65.0,HR
1677,1836,2023,70.0,HR
1678,1836,2025,90.0,HR
1679,1836,2024,65.0,HR
1680,1837,2024,70.0,HR
1681,1837,2025,65.0,HR
1682,1837,2023,65.0,HR
1683,1838,2025,95.0,HR
1684,1839,2025,,HR
1685,1840,2025,,HR
1686,1841,2023,90.0,HR
1687,1841,2025,95.0,HR
1688,1841,2024,70.0,HR
1689,1842,2023,70.0,HR
1690,1842,2025,95.0,HR
1691,1843,2023,35.0,HR
1692,1843,2024,95.0,HR
1693,1844,2023,100.0,HR
1694,1844,2025,95.0,HR
1695,1845,2025,65.0,HR
1696,1846,2025,50.0,HR
1697,1846,2024,100.0,HR
1698,1847,2023,95.0,HR
1699,1848,2023,35.0,HR
1700,1849,2023,95.0,HR
1701,1849,2025,50.0,HR
1702,1850,2025,100.0,HR
1703,1850,2023,100.0,HR
1704,1851,2023,95.0,HR
1705,1851,2025,80.0,HR
1706,1851,2024,100.0,HR
1707,1852,2024,70.0,HR
1708,1852,2025,90.0,HR
1709,1853,2024,65.0,HR
1710,1853,2023,70.0,HR
1711,1854,2025,65.0,HR
1712,1855,2023,100.0,HR
1713,1856,2025,50.0,HR
1714,1857,2024,90.0,HR
1715,1857,2025,100.0,HR
1716,1857,2023,,HR
1717,1858,2025,65.0,HR
1718,1859,2025,90.0,HR
1719,1860,2023,65.0,HR
1720,1860,2024,,HR
1721,1861,2023,35.0,HR
1722,1861,2024,95.0,HR
1723,1862,2025,95.0,HR
1724,1863,2023,50.0,HR
1725,1864,2023,95.0,HR
1726,1864,2024,80.0,HR
1727,1864,2025,50.0,HR
1728,1865,2023,95.0,HR
1729,1866,2024,50.0,HR
1730,1866,2023,100.0,HR
1731,1866,2025,90.0,HR
1732,1867,2023,50.0,HR
1733,1868,2024,65.0,HR
1734,1869,2025,100.0,HR
1735,1869,2023,80.0,HR
1736,1870,2024,90.0,HR
1737,1870,2023,95.0,HR
1738,1870,2025,50.0,HR
1739,1871,2025,95.0,HR
1740,1871,2024,35.0,HR
1741,1872,2024,,HR
1742,1872,2025,50.0,HR
1743,1873,2025,50.0,HR
1744,1874,2023,80.0,HR
1745,1874,2024,50.0,HR
1746,1875,2025,90.0,HR
1747,1876,2024,35.0,HR
1748,1876,2025,,HR
1749,1877,2023,,HR
1750,1877,2024,90.0,HR
1751,1877,2025,95.0,HR
1752,1878,2024,35.0,HR
1753,1878,2025,95.0,HR
1754,1878,2023,35.0,HR
1755,1879,2023,80.0,HR
1756,1880,2024,65.0,HR
1757,1881,2023,50.0,HR
1758,1881,2025,65.0,HR
1759,1881,2024,50.0,HR
1760,1882,2024,50.0,HR
1761,1883,2025,70.0,HR
1762,1884,2024,100.0,HR
1763,1884,2025,,HR
1764,1884,2023,95.0,HR
1765,1885,2023,70.0,HR
1766,1885,2024,50.0,HR
1767,1886,2024,95.0,HR
1768,1887,2023,,HR
1769,1887,2025,65.0,HR
1770,1888,2024,95.0,HR
1771,1889,2023,,HR
1772,1889,2024,100.0,HR
1773,1889,2025,100.0,HR
1774,1890,2024,70.0,HR
1775,1890,2025,70.0,HR
1776,1890,2023,,HR
1777,1891,2025,50.0,HR
1778,1891,2024,,HR
1779,1891,2023,50.0,HR
1780,1892,2024,70.0,HR
1781,1892,2025,35.0,HR
1782,1892,2023,100.0,HR
1783,1893,2025,70.0,HR
1784,1893,2024,50.0,HR
1785,1893,2023,65.0,HR
1786,1894,2023,50.0,HR
1787,1895,2023,90.0,HR
1788,1895,2024,95.0,HR
1789,1895,2025,95.0,HR
1790,1896,2024,80.0,HR
1791,1896,2025,95.0,HR
1792,1897,2025,35.0,HR
1793,1898,2023,95.0,HR
1794,1899,2024,80.0,HR
1795,1899,2025,100.0,HR
1796,1899,2023,95.0,HR
1797,1900,2024,,HR
1798,1900,2025,95.0,HR
1799,1901,2024,95.0,HR
1800,1901,2025,70.0,HR
1801,1901,2023,95.0,HR
1802,1902,2024,80.0,HR
1803,1902,2023,90.0,HR
1804,1903,2023,95.0,HR
1805,1904,2024,90.0,HR
1806,1905,2023,35.0,HR
1807,1905,2024,,HR
1808,1905,2025,95.0,HR
1809,1906,2025,,HR
1810,1906,2024,65.0,HR
1811,1907,2024,50.0,HR
1812,1907,2023,,HR
1813,1908,2024,70.0,HR
1814,1908,2023,90.0,HR
1815,1908,2025,70.0,HR
1816,1909,2025,90.0,HR
1817,1910,2024,90.0,HR
1818,1910,2023,90.0,HR
1819,1910,2025,50.0,HR
1820,1911,2025,65.0,HR
1821,1912,2024,95.0,HR
1822,1912,2023,80.0,HR
1823,1913,2023,90.0,HR
1824,1914,2024,90.0,HR
1825,1914,2025,80.0,HR
1826,1914,2023,95.0,HR
1827,1915,2024,90.0,HR
1828,1915,2023,80.0,HR
1829,1915,2025,80.0,HR
1830,1916,2023,50.0,HR
1831,1916,2024,80.0,HR
1832,1916,2025,,HR
1833,1917,2024,,HR
1834,1918,2025,80.0,HR
1835,1918,2023,80.0,HR
1836,1918,2024,,HR
1837,1919,2024,,HR
1838,1919,2023,80.0,HR
1839,1920,2024,100.0,HR
1840,1920,2023,100.0,HR
1841,1921,2023,70.0,HR
1842,1922,2025,90.0,HR
1843,1923,2024,70.0,HR
1844,1923,2023,,HR
1845,1923,2025,100.0,HR
1846,1924,2025,70.0,HR
1847,1924,2024,65.0,HR
1848,1924,2023,50.0,HR
1849,1925,2025,95.0,HR
1850,1926,2023,65.0,HR
1851,1927,2024,35.0,HR
1852,1928,2024,100.0,HR
1853,1928,2025,90.0,HR
1854,1929,2024,95.0,HR
1855,1930,2024,,HR
1856,1930,2025,65.0,HR
1857,1931,2023,70.0,HR
1858,1932,2023,80.0,HR
1859,1933,2025,80.0,HR
1860,1933,2024,95.0,HR
1861,1934,2023,,HR
1862,1935,2025,35.0,HR
1863,1936,2023,90.0,HR
1864,1937,2023,50.0,HR
1865,1938,2025,95.0,HR
1866,1939,2024,100.0,HR
1867,1939,2025,,HR
1868,1940,2023,,HR
1869,1940,2024,90.0,HR
1870,1941,2025,100.0,HR
1871,1941,2024,95.0,HR
1872,1941,2023,50.0,HR
1873,1942,2025,80.0,HR
1874,1942,2023,90.0,HR
1875,1942,2024,100.0,HR
1876,1943,2023,90.0,HR
1877,1943,2024,95.0,HR
1878,1944,2023,50.0,HR
1879,1944,2025,70.0,HR
1880,1945,2025,70.0,HR
1881,1945,2024,80.0,HR
1882,1945,2023,65.0,HR
1883,1946,2024,65.0,HR
1884,1947,2025,70.0,HR
1885,1947,2023,70.0,HR
1886,1947,2024,80.0,HR
1887,1948,2024,80.0,HR
1888,1948,2023,95.0,HR
1889,1949,2025,50.0,HR
1890,1950,2024,70.0,HR
1891,1951,2024,100.0,HR
1892,1951,2025,35.0,HR
1893,1951,2023,35.0,HR
1894,1952,2025,,HR
1895,1952,2024,80.0,HR
1896,1952,2023,95.0,HR
1897,1953,2023,95.0,HR
1898,1953,2025,95.0,HR
1899,1953,2024,80.0,HR
1900,1954,2024,80.0,HR
1901,1955,2023,80.0,HR
1902,1956,2024,35.0,HR
1903,1957,2023,100.0,HR
1904,1958,2023,65.0,HR
1905,1958,2025,100.0,HR
1906,1959,2024,90.0,HR
1907,1959,2025,65.0,HR
1908,1959,2023,95.0,HR
1909,1960,2025,70.0,HR
1910,1960,2023,70.0,HR
1911,1961,2025,65.0,HR
1912,1962,2023,35.0,HR
1913,1962,2025,65.0,HR
1914,1962,2024,90.0,HR
1915,1963,2025,70.0,HR
1916,1963,2023,70.0,HR
1917,1964,2023,35.0,HR
1918,1965,2023,80.0,HR
1919,1966,2024,50.0,HR
1920,1966,2025,50.0,HR
1921,1967,2024,35.0,HR
1922,1967,2025,95.0,HR
1923,1967,2023,95.0,HR
1924,1968,2024,,HR
1925,1969,2024,35.0,HR
1926,1969,2025,65.0,HR
1927,1969,2023,80.0,HR
1928,1970,2024,50.0,HR
1929,1970,2023,65.0,HR
1930,1970,2025,70.0,HR
1931,1971,2025,65.0,HR
1932,1971,2024,70.0,HR
1933,1971,2023,35.0,HR
1934,1972,2024,65.0,HR
1935,1973,2023,100.0,HR
1936,1974,2024,,HR
1937,1974,2023,35.0,HR
1938,1975,2024,65.0,HR
1939,1976,2025,65.0,HR
1940,1977,2023,35.0,HR
1941,1977,2024,95.0,HR
1942,1978,2024,50.0,HR
1943,1978,2025,95.0,HR
1944,1978,2023,95.0,HR
1945,1979,2024,50.0,HR
1946,1979,2025,,HR
1947,1980,2023,95.0,HR
1948,1980,2024,90.0,HR
1949,1980,2025,100.0,HR
1950,1981,2025,95.0,HR
1951,1982,2025,95.0,HR
1952,1983,2023,65.0,HR
1953,1983,2024,65.0,HR
1954,1983,2025,90.0,HR
1955,1984,2023,95.0,HR
1956,1984,2024,100.0,HR
1957,1984,2025,80.0,HR
1958,1985,2024,95.0,HR
1959,1985,2023,70.0,HR
1960,1985,2025,70.0,HR
1961,1986,2025,65.0,HR
1962,1986,2023,50.0,HR
1963,1987,2023,50.0,HR
1964,1988,2023,100.0,HR
1965,1989,2025,70.0,HR
1966,1989,2023,90.0,HR
1967,1990,2025,50.0,HR
1968,1990,2024,95.0,HR
1969,1990,2023,35.0,HR
1970,1991,2024,70.0,HR
1971,1991,2023,,HR
1972,1992,2024,50.0,HR
1973,1993,2025,65.0,HR
1974,1993,2024,,HR
1975,1993,2023,90.0,HR
1976,1994,2023,65.0,HR
1977,1994,2024,65.0,HR
1978,1994,2025,65.0,HR
1979,1995,2024,70.0,HR
1980,1995,2025,70.0,HR
1981,1996,2024,35.0,HR
1982,1996,2023,90.0,HR
1983,1996,2025,80.0,HR
1984,1997,2023,50.0,HR
1985,1998,2023,90.0,HR
1986,1998,2024,80.0,HR
1987,1999,2025,70.0,HR
1988,1999,2024,35.0,HR
1989,1999,2023,100.0,HR
1990,2000,2023,80.0,HR
1991,2001,2024,35.0,HR
1992,2001,2025,80.0,HR
1993,2002,2025,35.0,HR
1994,2002,2024,80.0,HR
1995,2002,2023,95.0,HR
1996,2003,2023,35.0,HR
1997,2004,2025,100.0,HR
1998,2004,2024,90.0,HR
1999,2005,2025,90.0,HR
2000,2006,2025,95.0,HR
2001,2007,2024,95.0,HR
2002,2007,2023,95.0,HR
2003,2008,2025,,HR
2004,2008,2023,90.0,HR
2005,2008,2024,95.0,HR
2006,2009,2024,65.0,HR
2007,2010,2024,90.0,HR
2008,2010,2025,65.0,HR
2009,2011,2024,,HR
2010,2012,2023,95.0,HR
2011,2013,2024,90.0,HR
2012,2014,2023,35.0,HR
2013,2014,2025,90.0,HR
2014,2014,2024,,HR
2015,2015,2023,50.0,HR
2016,2015,2025,50.0,HR
2017,2015,2024,90.0,HR
2018,2016,2023,65.0,HR
2019,2016,2025,,HR
2020,2017,2024,70.0,HR
2021,2017,2025,95.0,HR
2022,2018,2024,65.0,HR
2023,2019,2024,65.0,HR
2024,2019,2023,35.0,HR
2025,2019,2025,95.0,HR
2026,2020,2023,80.0,HR
2027,2020,2024,,HR
2028,2021,2023,70.0,HR
2029,2021,2024,70.0,HR
2030,2021,2025,50.0,HR
2031,2022,2025,100.0,HR
2032,2023,2023,80.0,HR
2033,2024,2025,50.0,HR
2034,2024,2023,50.0,HR
2035,2024,2024,65.0,HR
2036,2025,2023,65.0,HR
2037,2026,2024,80.0,HR
2038,2027,2025,100.0,HR
2039,2027,2023,65.0,HR
2040,2027,2024,95.0,HR
2041,2028,2024,80.0,HR
2042,2028,2025,35.0,HR
2043,2028,2023,50.0,HR
2044,2029,2023,100.0,HR
2045,2029,2024,100.0,HR
2046,2029,2025,35.0,HR
2047,2030,2024,65.0,HR
2048,2030,2025,35.0,HR
2049,2031,2024,65.0,HR
2050,2032,2025,100.0,HR
2051,2032,2024,95.0,HR
2052,2032,2023,70.0,HR
2053,2033,2025,95.0,HR
2054,2033,2024,95.0,HR
2055,2034,2024,50.0,HR
2056,2034,2025,,HR
2057,2035,2025,70.0,HR
2058,2035,2023,80.0,HR
2059,2036,2023,95.0,HR
2060,2036,2025,65.0,HR
2061,2036,2024,65.0,HR
2062,2037,2023,65.0,HR
2063,2038,2024,50.0,HR
2064,2039,2024,65.0,HR
2065,2040,2024,80.0,HR
2066,2040,2023,95.0,HR
2067,2040,2025,100.0,HR
2068,2041,2025,95.0,HR
2069,2041,2023,,HR
2070,2041,2024,95.0,HR
2071,2042,2024,,HR
2072,2043,2025,65.0,HR
2073,2043,2024,100.0,HR
2074,2043,2023,70.0,HR
2075,2044,2025,100.0,HR
2076,2045,2023,70.0,HR
2077,2046,2024,35.0,HR
2078,2046,2025,65.0,HR
2079,2047,2023,90.0,HR
2080,2047,2025,70.0,HR
2081,2047,2024,65.0,HR
2082,2048,2024,70.0,HR
2083,2048,2023,50.0,HR
2084,2048,2025,35.0,HR
2085,2049,2025,90.0,HR
2086,2049,2023,65.0,HR
2087,2050,2023,100.0,HR
2088,2050,2025,35.0,HR
2089,2051,2025,95.0,HR
2090,2051,2023,,HR
2091,2052,2025,,HR
2092,2053,2023,95.0,HR
2093,2053,2025,100.0,HR
2094,2053,2024,95.0,HR
2095,2054,2024,95.0,HR
2096,2055,2023,65.0,HR
2097,2056,2023,70.0,HR
2098,2056,2024,95.0,HR
2099,2056,2025,95.0,HR
2100,2057,2023,100.0,HR
2101,2057,2024,95.0,HR
2102,2057,2025,65.0,HR
2103,2058,2024,70.0,HR
2104,2058,2023,95.0,HR
2105,2059,2024,50.0,HR
2106,2059,2023,70.0,HR
2107,2059,2025,65.0,HR
2108,2060,2025,70.0,HR
2109,2060,2023,,HR
2110,2060,2024,65.0,HR
2111,2061,2025,100.0,HR
2112,2062,2025,65.0,HR
2113,2062,2023,95.0,HR
2114,2062,2024,,HR
2115,2063,2023,35.0,HR
2116,2063,2024,95.0,HR
2117,2063,2025,95.0,HR
2118,2064,2024,35.0,HR
2119,2064,2023,95.0,HR
2120,2065,2025,35.0,HR
2121,2065,2024,100.0,HR
2122,2065,2023,100.0,HR
2123,2066,2025,80.0,HR
2124,2067,2023,,HR
2125,2068,2024,,HR
2126,2069,2024,95.0,HR
2127,2069,2023,100.0,HR
2128,2070,2023,,HR
2129,2070,2024,100.0,HR
2130,2070,2025,70.0,HR
2131,2071,2025,95.0,HR
2132,2071,2024,65.0,HR
2133,2071,2023,35.0,HR
2134,2072,2025,95.0,HR
2135,2072,2023,90.0,HR
2136,2072,2024,95.0,HR
2137,2073,2024,,HR
2138,2073,2023,50.0,HR
2139,2073,2025,65.0,HR
2140,2074,2024,80.0,HR
2141,2074,2023,,HR
2142,2075,2025,90.0,HR
2143,2075,2023,70.0,HR
2144,2075,2024,,HR
2145,2076,2025,35.0,HR
2146,2076,2024,95.0,HR
2147,2077,2024,95.0,HR
2148,2077,2023,80.0,HR
2149,2077,2025,95.0,HR
2150,2078,2025,95.0,HR
2151,2079,2025,50.0,HR
2152,2079,2024,95.0,HR
2153,2080,2025,35.0,HR
2154,2080,2024,100.0,HR
2155,2080,2023,35.0,HR
2156,2081,2025,95.0,HR
2157,2081,2024,80.0,HR
2158,2081,2023,100.0,HR
2159,2082,2025,95.0,HR
2160,2082,2024,80.0,HR
2161,2083,2025,70.0,HR
2162,2084,2025,95.0,HR
2163,2084,2024,95.0,HR
2164,2084,2023,70.0,HR
2165,2085,2024,70.0,HR
2166,2085,2025,95.0,HR
2167,2086,2025,80.0,HR
2168,2086,2023,,HR
2169,2086,2024,100.0,HR
2170,2087,2024,80.0,HR
2171,2088,2023,100.0,HR
2172,2088,2025,95.0,HR
2173,2089,2024,65.0,HR
2174,2090,2023,65.0,HR
2175,2091,2023,35.0,HR
2176,2091,2024,95.0,HR
2177,2092,2024,35.0,HR
2178,2092,2023,100.0,HR
2179,2093,2024,100.0,HR
2180,2094,2024,70.0,HR
2181,2094,2023,35.0,HR
2182,2095,2025,90.0,HR
2183,2095,2023,95.0,HR
2184,2095,2024,80.0,HR
2185,2096,2025,80.0,HR
2186,2096,2023,50.0,HR
2187,2096,2024,100.0,HR
2188,2097,2024,35.0,HR
2189,2097,2023,65.0,HR
2190,2098,2024,35.0,HR
2191,2098,2023,35.0,HR
2192,2099,2023,90.0,HR
2193,2100,2024,,HR
2194,2100,2025,,HR
2195,2100,2023,90.0,HR
2196,2101,2023,95.0,HR
2197,2101,2025,80.0,HR
2198,2101,2024,50.0,HR
2199,2102,2024,100.0,HR
2200,2102,2023,80.0,HR
2201,2102,2025,95.0,HR
2202,2103,2025,100.0,HR
2203,2103,2023,95.0,HR
2204,2104,2023,65.0,HR
2205,2104,2025,95.0,HR
2206,2104,2024,35.0,HR
2207,2105,2023,70.0,HR
2208,2106,2024,35.0,HR
2209,2106,2023,70.0,HR
2210,2107,2024,80.0,HR
2211,2107,2025,65.0,HR
2212,2108,2025,95.0,HR
2213,2108,2023,80.0,HR
2214,2108,2024,90.0,HR
2215,2109,2025,90.0,HR
2216,2109,2024,65.0,HR
2217,2110,2023,65.0,HR
2218,2110,2024,65.0,HR
2219,2111,2024,90.0,HR
2220,2112,2025,65.0,HR
2221,2112,2024,90.0,HR
2222,2112,2023,95.0,HR
2223,2113,2023,65.0,HR
2224,2114,2025,35.0,HR
2225,2115,2023,80.0,HR
2226,2115,2025,95.0,HR
2227,2116,2024,95.0,HR
2228,2117,2024,80.0,HR
2229,2117,2025,100.0,HR
2230,2118,2025,90.0,HR
2231,2118,2024,,HR
2232,2119,2025,95.0,HR
2233,2120,2023,70.0,HR
2234,2120,2025,100.0,HR
2235,2121,2024,35.0,HR
2236,2122,2023,80.0,HR
2237,2122,2025,90.0,HR
2238,2123,2024,65.0,HR
2239,2123,2023,,HR
2240,2123,2025,35.0,HR
2241,2124,2025,70.0,HR
2242,2125,2023,50.0,HR
2243,2125,2025,50.0,HR
2244,2126,2024,95.0,HR
2245,2126,2023,95.0,HR
2246,2126,2025,65.0,HR
2247,2127,2024,,HR
2248,2127,2023,90.0,HR
2249,2128,2024,65.0,HR
2250,2128,2025,65.0,HR
2251,2128,2023,,HR
2252,2129,2024,65.0,HR
2253,2129,2023,90.0,HR
2254,2129,2025,50.0,HR
2255,2130,2023,95.0,HR
2256,2130,2024,90.0,HR
2257,2131,2023,35.0,HR
2258,2131,2024,90.0,HR
2259,2131,2025,35.0,HR
2260,2132,2025,80.0,HR
2261,2132,2023,,HR
2262,2132,2024,50.0,HR
2263,2133,2024,80.0,HR
2264,2133,2025,80.0,HR
2265,2134,2023,70.0,HR
2266,2134,2024,90.0,HR
2267,2135,2024,95.0,HR
2268,2136,2025,95.0,HR
2269,2136,2024,50.0,HR
2270,2136,2023,90.0,HR
2271,2137,2024,80.0,HR
2272,2137,2025,80.0,HR
2273,2137,2023,,HR
2274,2138,2023,90.0,HR
2275,2139,2024,100.0,HR
2276,2140,2023,50.0,HR
2277,2140,2025,100.0,HR
2278,2140,2024,70.0,HR
2279,2141,2023,70.0,HR
2280,2141,2025,70.0,HR
2281,2142,2025,35.0,HR
2282,2142,2023,100.0,HR
2283,2142,2024,95.0,HR
2284,2143,2025,90.0,HR
2285,2143,2023,65.0,HR
2286,2143,2024,95.0,HR
2287,2144,2024,80.0,HR
2288,2144,2023,100.0,HR
2289,2144,2025,95.0,HR
2290,2145,2024,50.0,HR
2291,2146,2023,95.0,HR
2292,2146,2025,80.0,HR
2293,2147,2024,90.0,HR
2294,2147,2023,70.0,HR
2295,2148,2025,50.0,HR
2296,2148,2023,100.0,HR
2297,2149,2023,95.0,HR
2298,2149,2024,70.0,HR
2299,2149,2025,80.0,HR
2300,2150,2024,50.0,HR
2301,2150,2025,95.0,HR
2302,2151,2025,65.0,HR
2303,2151,2024,,HR
2304,2152,2025,80.0,HR
2305,2152,2023,70.0,HR
2306,2153,2024,65.0,HR
2307,2154,2025,95.0,HR
2308,2154,2024,80.0,HR
2309,2154,2023,90.0,HR
2310,2155,2025,,HR
2311,2156,2025,50.0,HR
2312,2156,2023,35.0,HR
2313,2156,2024,100.0,HR
2314,2157,2025,70.0,HR
2315,2157,2024,,HR
2316,2157,2023,35.0,HR
2317,2158,2023,50.0,HR
2318,2158,2024,50.0,HR
2319,2158,2025,100.0,HR
2320,2159,2024,65.0,HR
2321,2159,2025,80.0,HR
2322,2159,2023,95.0,HR
2323,2160,2025,,HR
2324,2160,2024,,HR
2325,2161,2024,65.0,HR
2326,2161,2025,100.0,HR
2327,2161,2023,90.0,HR
2328,2162,2024,100.0,HR
2329,2162,2025,65.0,HR
2330,2163,2025,65.0,HR
2331,2163,2023,65.0,HR
2332,2163,2024,50.0,HR
2333,2164,2025,100.0,HR
2334,2164,2024,,HR
2335,2165,2025,80.0,HR
2336,2165,2023,100.0,HR
2337,2165,2024,100.0,HR
2338,2166,2025,,HR
2339,2167,2023,35.0,HR
2340,2167,2024,90.0,HR
2341,2168,2025,90.0,HR
2342,2168,2024,50.0,HR
2343,2168,2023,80.0,HR
2344,2169,2024,95.0,HR
2345,2170,2025,95.0,HR
2346,2171,2023,70.0,HR
2347,2171,2025,35.0,HR
2348,2171,2024,70.0,HR
2349,2172,2025,100.0,HR
2350,2172,2024,50.0,HR
2351,2172,2023,50.0,HR
2352,2173,2023,80.0,HR
2353,2173,2024,90.0,HR
2354,2173,2025,,HR
2355,2174,2023,,HR
2356,2175,2025,95.0,HR
2357,2175,2023,95.0,HR
2358,2175,2024,,HR
2359,2176,2024,90.0,HR
2360,2177,2025,95.0,HR
2361,2178,2025,70.0,HR
2362,2178,2023,90.0,HR
2363,2179,2025,90.0,HR
2364,2180,2025,35.0,HR
2365,2180,2023,90.0,HR
2366,2180,2024,70.0,HR
2367,2181,2025,95.0,HR
2368,2182,2025,50.0,HR
2369,2183,2025,70.0,HR
2370,2184,2023,100.0,HR
2371,2184,2025,65.0,HR
2372,2184,2024,,HR
2373,2185,2024,90.0,HR
2374,2185,2023,90.0,HR
2375,2186,2023,95.0,HR
2376,2187,2025,35.0,HR
2377,2188,2025,100.0,HR
2378,2188,2024,50.0,HR
2379,2188,2023,35.0,HR
2380,2189,2024,65.0,HR
2381,2189,2023,80.0,HR
2382,2190,2025,95.0,HR
2383,2191,2024,50.0,HR
2384,2192,2025,70.0,HR
2385,2192,2024,95.0,HR
2386,2193,2023,50.0,HR
2387,2193,2024,70.0,HR
2388,2194,2024,70.0,HR
2389,2194,2025,90.0,HR
2390,2194,2023,70.0,HR
2391,2195,2023,100.0,HR
2392,2195,2025,90.0,HR
2393,2195,2024,95.0,HR
2394,2196,2024,80.0,HR
2395,2197,2025,50.0,HR
2396,2197,2023,90.0,HR
2397,2198,2024,,HR
2398,2198,2023,95.0,HR
2399,2199,2023,50.0,HR
2400,2199,2024,50.0,HR
2401,2199,2025,95.0,HR
2402,2200,2023,,HR
2403,2200,2024,35.0,HR
2404,2201,2023,95.0,HR
2405,2201,2025,65.0,HR
2406,2201,2024,95.0,HR
2407,2202,2023,100.0,HR
2408,2203,2024,35.0,HR
2409,2203,2025,90.0,HR
2410,2203,2023,70.0,HR
2411,2204,2023,95.0,HR
2412,2204,2025,80.0,HR
2413,2205,2023,50.0,HR
2414,2205,2024,35.0,HR
2415,2206,2025,95.0,HR
2416,2207,2025,90.0,HR
2417,2207,2023,100.0,HR
2418,2208,2024,35.0,HR
2419,2208,2025,90.0,HR
2420,2208,2023,50.0,HR
2421,2209,2023,100.0,HR
2422,2210,2023,70.0,HR
2423,2210,2025,35.0,HR
2424,2210,2024,80.0,HR
2425,2211,2024,95.0,HR
2426,2212,2024,65.0,HR
2427,2213,2023,80.0,HR
2428,2213,2024,95.0,HR
2429,2213,2025,50.0,HR
2430,2214,2025,70.0,HR
2431,2214,2023,35.0,HR
2432,2214,2024,,HR
2433,2215,2025,95.0,HR
2434,2215,2023,95.0,HR
2435,2216,2024,,HR
2436,2216,2023,65.0,HR
2437,2217,2025,100.0,HR
2438,2218,2025,80.0,HR
2439,2218,2024,90.0,HR
2440,2219,2023,90.0,HR
2441,2219,2025,100.0,HR
2442,2220,2024,50.0,HR
2443,2220,2023,95.0,HR
2444,2220,2025,80.0,HR
2445,2221,2023,95.0,HR
2446,2222,2025,95.0,HR
2447,2222,2023,80.0,HR
2448,2222,2024,35.0,HR
2449,2223,2024,70.0,HR
2450,2224,2025,70.0,HR
2451,2224,2023,100.0,HR
2452,2224,2024,95.0,HR
2453,2225,2025,100.0,HR
2454,2225,2024,70.0,HR
2455,2226,2023,80.0,HR
2456,2226,2025,95.0,HR
2457,2226,2024,95.0,HR
2458,2227,2024,50.0,HR
2459,2228,2025,35.0,HR
2460,2229,2023,70.0,HR
2461,2229,2025,100.0,HR
2462,2229,2024,95.0,HR
2463,2230,2023,100.0,HR
2464,2231,2024,65.0,HR
2465,2232,2024,35.0,HR
2466,2232,2023,80.0,HR
2467,2233,2025,65.0,HR
2468,2234,2023,,HR
2469,2235,2025,90.0,HR
2470,2236,2024,35.0,HR
2471,2236,2023,80.0,HR
2472,2237,2023,35.0,HR
2473,2237,2025,95.0,HR
2474,2238,2025,,HR
2475,2238,2024,70.0,HR
2476,2238,2023,65.0,HR
2477,2239,2024,100.0,HR
2478,2239,2023,50.0,HR
2479,2240,2025,95.0,HR
2480,2241,2025,65.0,HR
2481,2241,2024,65.0,HR
2482,2241,2023,80.0,HR
2483,2242,2024,65.0,HR
2484,2242,2023,95.0,HR
2485,2242,2025,80.0,HR
2486,2243,2024,65.0,HR
2487,2243,2023,90.0,HR
2488,2243,2025,50.0,HR
2489,2244,2024,65.0,HR
2490,2244,2023,80.0,HR
2491,2245,2024,70.0,HR
2492,2246,2024,50.0,HR
2493,2247,2025,,HR
2494,2248,2023,70.0,HR
2495,2249,2024,50.0,HR
2496,2249,2025,95.0,HR
2497,2250,2023,95.0,HR
2498,2251,2023,100.0,HR
2499,2252,2024,35.0,HR
2500,2252,2023,65.0,HR
2501,2253,2023,,HR
2502,2254,2023,95.0,HR
2503,2254,2024,65.0,HR
2504,2255,2025,90.0,HR
2505,2256,2024,100.0,HR
2506,2257,2023,95.0,HR
2507,2257,2025,95.0,HR
2508,2257,2024,,HR
2509,2258,2023,50.0,HR
2510,2258,2025,95.0,HR
2511,2259,2023,90.0,HR
2512,2260,2023,70.0,HR
2513,2260,2025,,HR
2514,2260,2024,95.0,HR
2515,2261,2023,35.0,HR
2516,2262,2024,50.0,HR
2517,2262,2023,50.0,HR
2518,2262,2025,70.0,HR
2519,2263,2024,50.0,HR
2520,2263,2023,95.0,HR
2521,2263,2025,95.0,HR
2522,2264,2023,50.0,HR
2523,2265,2024,90.0,HR
2524,2266,2024,95.0,HR
2525,2266,2025,50.0,HR
2526,2266,2023,,HR
2527,2267,2025,50.0,HR
2528,2268,2023,80.0,HR
2529,2268,2024,80.0,HR
2530,2269,2024,35.0,HR
2531,2270,2023,80.0,HR
2532,2271,2023,90.0,HR
2533,2271,2025,65.0,HR
2534,2272,2025,95.0,HR
2535,2273,2023,90.0,HR
2536,2274,2023,,HR
2537,2275,2023,35.0,HR
2538,2275,2025,,HR
2539,2276,2024,95.0,HR
2540,2276,2025,65.0,HR
2541,2277,2025,70.0,HR
2542,2277,2023,65.0,HR
2543,2278,2025,90.0,HR
2544,2278,2024,50.0,HR
2545,2279,2023,95.0,HR
2546,2280,2023,,HR
2547,2280,2024,80.0,HR
2548,2281,2025,80.0,HR
2549,2281,2023,90.0,HR
2550,2281,2024,90.0,HR
2551,2282,2025,95.0,HR
2552,2282,2024,35.0,HR
2553,2282,2023,65.0,HR
2554,2283,2023,,HR
2555,2284,2023,65.0,HR
2556,2284,2024,95.0,HR
2557,2284,2025,100.0,HR
2558,2285,2025,,HR
2559,2285,2024,100.0,HR
2560,2286,2024,100.0,HR
2561,2286,2025,95.0,HR
2562,2287,2025,70.0,HR
2563,2287,2024,95.0,HR
2564,2287,2023,95.0,HR
2565,2288,2023,100.0,HR
2566,2289,2024,80.0,HR
2567,2289,2025,35.0,HR
2568,2289,2023,100.0,HR
2569,2290,2023,,HR
2570,2290,2024,50.0,HR
2571,2290,2025,,HR
2572,2291,2024,80.0,HR
2573,2292,2025,95.0,HR
2574,2292,2023,80.0,HR
2575,2292,2024,35.0,HR
2576,2293,2024,,HR
2577,2294,2025,,HR
2578,2294,2023,65.0,HR
2579,2294,2024,70.0,HR
2580,2295,2023,100.0,HR
2581,2295,2024,80.0,HR
2582,2296,2024,35.0,HR
2583,2296,2025,100.0,HR
2584,2296,2023,65.0,HR
2585,2297,2023,,HR
2586,2298,2024,95.0,HR
2587,2298,2025,65.0,HR
2588,2298,2023,65.0,HR
2589,2299,2023,65.0,HR
2590,2299,2025,70.0,HR
2591,2299,2024,95.0,HR
2592,2300,2025,90.0,HR
2593,2300,2023,90.0,HR
2594,2300,2024,35.0,HR
2595,2301,2023,35.0,HR
2596,2302,2023,35.0,HR
2597,2303,2025,80.0,HR
2598,2303,2024,95.0,HR
2599,2303,2023,95.0,HR
2600,2304,2025,50.0,HR
2601,2305,2023,50.0,HR
2602,2305,2025,80.0,HR
2603,2305,2024,50.0,HR
2604,2306,2023,,HR
2605,2306,2025,50.0,HR
2606,2307,2025,70.0,HR
2607,2307,2023,65.0,HR
2608,2308,2024,,HR
2609,2308,2023,100.0,HR
2610,2308,2025,,HR
2611,2309,2024,35.0,HR
2612,2309,2023,100.0,HR
2613,2309,2025,90.0,HR
2614,2310,2025,100.0,HR
2615,2310,2023,95.0,HR
2616,2311,2024,70.0,HR
2617,2311,2025,35.0,HR
2618,2312,2023,,HR
2619,2313,2025,70.0,HR
2620,2313,2024,95.0,HR
2621,2313,2023,50.0,HR
2622,2314,2025,70.0,HR
2623,2315,2023,100.0,HR
2624,2315,2025,50.0,HR
2625,2316,2023,80.0,HR
2626,2316,2024,90.0,HR
2627,2317,2023,35.0,HR
2628,2317,2024,70.0,HR
2629,2317,2025,80.0,HR
2630,2318,2023,70.0,HR
2631,2318,2025,90.0,HR
2632,2318,2024,70.0,HR
2633,2319,2024,35.0,HR
2634,2319,2025,95.0,HR
2635,2320,2024,80.0,HR
2636,2320,2025,,HR
2637,2321,2024,95.0,HR
2638,2321,2025,65.0,HR
2639,2321,2023,35.0,HR
2640,2322,2023,100.0,HR
2641,2323,2024,35.0,HR
2642,2324,2025,100.0,HR
2643,2325,2025,100.0,HR
2644,2326,2023,70.0,HR
2645,2327,2024,65.0,HR
2646,2327,2025,95.0,HR
2647,2327,2023,65.0,HR
2648,2328,2025,90.0,HR
2649,2329,2023,90.0,HR
2650,2329,2024,65.0,HR
2651,2329,2025,95.0,HR
2652,2330,2024,70.0,HR
2653,2331,2024,70.0,HR
2654,2331,2023,90.0,HR
2655,2332,2023,80.0,HR
2656,2332,2025,50.0,HR
2657,2333,2025,50.0,HR
2658,2334,2023,100.0,HR
2659,2334,2024,50.0,HR
2660,2334,2025,95.0,HR
2661,2335,2025,65.0,HR
2662,2336,2024,80.0,HR
2663,2336,2025,95.0,HR
2664,2336,2023,50.0,HR
2665,2337,2023,95.0,HR
2666,2338,2023,80.0,HR
2667,2338,2025,95.0,HR
2668,2338,2024,95.0,HR
2669,2339,2023,50.0,HR
2670,2340,2025,70.0,HR
2671,2341,2023,35.0,HR
2672,2341,2024,50.0,HR
2673,2341,2025,65.0,HR
2674,2342,2023,,HR
2675,2343,2025,90.0,HR
2676,2343,2024,50.0,HR
2677,2343,2023,65.0,HR
2678,2344,2025,80.0,HR
2679,2345,2025,95.0,HR
2680,2345,2024,95.0,HR
2681,2345,2023,95.0,HR
2682,2346,2023,80.0,HR
2683,2346,2024,95.0,HR
2684,2347,2023,65.0,HR
2685,2347,2024,95.0,HR
2686,2347,2025,95.0,HR
2687,2348,2025,80.0,HR
2688,2349,2023,,HR
2689,2349,2025,50.0,HR
2690,2350,2023,90.0,HR
2691,2350,2025,95.0,HR
2692,2351,2025,95.0,HR
2693,2351,2023,65.0,HR
2694,2351,2024,80.0,HR
2695,2352,2024,100.0,HR
2696,2353,2023,95.0,HR
2697,2353,2024,100.0,HR
2698,2354,2023,90.0,HR
2699,2355,2025,65.0,HR
2700,2356,2025,95.0,HR
2701,2356,2023,95.0,HR
2702,2357,2025,95.0,HR
2703,2358,2025,90.0,HR
2704,2358,2024,95.0,HR
2705,2359,2023,80.0,HR
2706,2360,2025,95.0,HR
2707,2361,2025,100.0,HR
2708,2361,2024,80.0,HR
2709,2362,2024,50.0,HR
2710,2362,2025,65.0,HR
2711,2362,2023,,HR
2712,2363,2025,70.0,HR
2713,2364,2023,95.0,HR
2714,2364,2025,50.0,HR
2715,2365,2024,65.0,HR
2716,2365,2025,65.0,HR
2717,2365,2023,70.0,HR
2718,2366,2024,80.0,HR
2719,2366,2023,35.0,HR
2720,2367,2025,95.0,HR
2721,2367,2024,100.0,HR
2722,2368,2023,65.0,HR
2723,2369,2024,95.0,HR
2724,2370,2025,65.0,HR
2725,2370,2024,90.0,HR
2726,2371,2025,35.0,HR
2727,2371,2023,95.0,HR
2728,2372,2025,50.0,HR
2729,2372,2024,50.0,HR
2730,2372,2023,50.0,HR
2731,2373,2025,100.0,HR
2732,2373,2024,100.0,HR
2733,2373,2023,50.0,HR
2734,2374,2023,35.0,HR
2735,2374,2024,95.0,HR
2736,2374,2025,70.0,HR
2737,2375,2023,,HR
2738,2375,2024,80.0,HR
2739,2376,2025,100.0,HR
2740,2376,2023,100.0,HR
2741,2376,2024,80.0,HR
2742,2377,2024,95.0,HR
2743,2377,2023,80.0,HR
2744,2377,2025,35.0,HR
2745,2378,2023,35.0,HR
2746,2378,2025,65.0,HR
2747,2379,2023,90.0,HR
2748,2380,2023,50.0,HR
2749,2380,2024,65.0,HR
2750,2381,2023,50.0,HR
2751,2382,2024,,HR
2752,2382,2023,100.0,HR
2753,2382,2025,95.0,HR
2754,2383,2023,95.0,HR
2755,2384,2023,100.0,HR
2756,2385,2023,70.0,HR
2757,2385,2025,65.0,HR
2758,2386,2025,70.0,HR
2759,2387,2025,95.0,HR
2760,2388,2025,50.0,HR
2761,2388,2023,80.0,HR
2762,2388,2024,35.0,HR
2763,2389,2023,80.0,HR
2764,2390,2023,50.0,HR
2765,2390,2025,95.0,HR
2766,2391,2023,35.0,HR
2767,2391,2024,50.0,HR
2768,2391,2025,95.0,HR
2769,2392,2024,,HR
2770,2393,2025,100.0,HR
2771,2394,2023,95.0,HR
2772,2394,2024,100.0,HR
2773,2395,2024,50.0,HR
2774,2395,2023,50.0,HR
2775,2396,2024,90.0,HR
2776,2397,2024,100.0,HR
2777,2398,2025,50.0,HR
2778,2399,2024,65.0,HR
2779,2400,2025,95.0,HR
2780,2400,2024,65.0,HR
2781,2400,2023,95.0,HR
2782,2401,2023,50.0,HR
2783,2401,2025,95.0,HR
2784,2401,2024,50.0,HR
2785,2402,2023,,HR
2786,2402,2025,95.0,HR
2787,2403,2023,70.0,HR
2788,2404,2025,95.0,HR
2789,2404,2024,95.0,HR
2790,2404,2023,50.0,HR
2791,2405,2023,70.0,HR
2792,2405,2024,35.0,HR
2793,2405,2025,95.0,HR
2794,2406,2025,35.0,HR
2795,2406,2023,65.0,HR
2796,2407,2025,100.0,HR
2797,2407,2023,90.0,HR
2798,2408,2024,35.0,HR
2799,2408,2023,65.0,HR
2800,2409,2024,65.0,HR
2801,2409,2025,70.0,HR
2802,2409,2023,95.0,HR
2803,2410,2023,50.0,HR
2804,2411,2025,95.0,HR
2805,2411,2023,,HR
2806,2412,2024,80.0,HR
2807,2412,2025,95.0,HR
2808,2412,2023,95.0,HR
2809,2413,2024,95.0,HR
2810,2414,2025,95.0,HR
2811,2414,2024,,HR
2812,2414,2023,50.0,HR
2813,2415,2025,90.0,HR
2814,2416,2025,90.0,HR
2815,2416,2023,35.0,HR
2816,2416,2024,50.0,HR
2817,2417,2024,95.0,HR
2818,2417,2023,50.0,HR
2819,2418,2024,35.0,HR
2820,2419,2023,90.0,HR
2821,2420,2025,100.0,HR
2822,2421,2023,70.0,HR
2823,2421,2024,50.0,HR
2824,2422,2025,80.0,HR
2825,2422,2023,100.0,HR
2826,2422,2024,80.0,HR
2827,2423,2023,35.0,HR
2828,2423,2025,80.0,HR
2829,2423,2024,50.0,HR
2830,2424,2024,90.0,HR
2831,2424,2023,70.0,HR
2832,2424,2025,35.0,HR
2833,2425,2023,90.0,HR
2834,2426,2024,95.0,HR
2835,2427,2024,95.0,HR
2836,2427,2025,70.0,HR
2837,2427,2023,70.0,HR
2838,2428,2025,80.0,HR
2839,2428,2024,100.0,HR
2840,2428,2023,50.0,HR
2841,2429,2023,90.0,HR
2842,2430,2023,80.0,HR
2843,2431,2024,65.0,HR
2844,2431,2025,95.0,HR
2845,2432,2025,90.0,HR
2846,2432,2024,95.0,HR
2847,2432,2023,70.0,HR
2848,2433,2024,65.0,HR
2849,2433,2025,100.0,HR
2850,2433,2023,50.0,HR
2851,2434,2024,50.0,HR
2852,2434,2025,65.0,HR
2853,2435,2025,90.0,HR
2854,2436,2024,90.0,HR
2855,2436,2023,80.0,HR
2856,2436,2025,65.0,HR
2857,2437,2025,,HR
2858,2437,2023,95.0,HR
2859,2438,2023,95.0,HR
2860,2439,2023,80.0,HR
2861,2440,2024,80.0,HR
2862,2440,2025,95.0,HR
2863,2441,2024,35.0,HR
2864,2441,2023,90.0,HR
2865,2442,2024,50.0,HR
2866,2443,2024,70.0,HR
2867,2444,2025,95.0,HR
2868,2445,2024,95.0,HR
2869,2446,2025,100.0,HR
2870,2446,2024,70.0,HR
2871,2447,2025,70.0,HR
2872,2447,2023,50.0,HR
2873,2448,2024,70.0,HR
2874,2448,2025,100.0,HR
2875,2449,2023,95.0,HR
2876,2450,2023,100.0,HR
2877,2450,2024,90.0,HR
2878,2451,2024,35.0,HR
2879,2451,2023,65.0,HR
2880,2451,2025,,HR
2881,2452,2024,80.0,HR
2882,2453,2025,65.0,HR
2883,2453,2024,95.0,HR
2884,2454,2025,100.0,HR
2885,2455,2023,95.0,HR
2886,2455,2024,95.0,HR
2887,2456,2023,95.0,HR
2888,2456,2025,95.0,HR
2889,2457,2023,50.0,HR
2890,2457,2025,70.0,HR
2891,2457,2024,90.0,HR
2892,2458,2025,100.0,HR
2893,2459,2024,65.0,HR
2894,2459,2025,90.0,HR
2895,2460,2023,100.0,HR
2896,2460,2025,95.0,HR
2897,2460,2024,,HR
2898,2461,2024,35.0,HR
2899,2462,2025,,HR
2900,2462,2024,70.0,HR
2901,2463,2023,90.0,HR
2902,2464,2023,35.0,HR
2903,2464,2024,90.0,HR
2904,2465,2025,100.0,HR
2905,2466,2023,,HR
2906,2466,2024,95.0,HR
2907,2466,2025,50.0,HR
2908,2467,2025,95.0,HR
2909,2467,2024,80.0,HR
2910,2468,2024,70.0,HR
2911,2469,2025,95.0,HR
2912,2469,2024,35.0,HR
2913,2469,2023,95.0,HR
2914,2470,2025,90.0,HR
2915,2470,2024,90.0,HR
2916,2470,2023,80.0,HR
2917,2471,2024,50.0,HR
2918,2472,2025,100.0,HR
2919,2472,2023,80.0,HR
2920,2472,2024,65.0,HR
2921,2473,2024,70.0,HR
2922,2474,2025,95.0,HR
2923,2474,2023,70.0,HR
2924,2475,2023,65.0,HR
2925,2476,2025,65.0,HR
2926,2477,2023,50.0,HR
2927,2477,2025,95.0,HR
2928,2478,2025,95.0,HR
2929,2478,2024,,HR
2930,2479,2024,50.0,HR
2931,2480,2023,80.0,HR
2932,2480,2025,65.0,HR
2933,2481,2025,80.0,HR
2934,2481,2024,80.0,HR
2935,2481,2023,100.0,HR
2936,2482,2025,35.0,HR
2937,2482,2023,90.0,HR
2938,2483,2023,95.0,HR
2939,2484,2023,65.0,HR
2940,2484,2025,35.0,HR
2941,2484,2024,65.0,HR
2942,2485,2024,80.0,HR
2943,2485,2023,65.0,HR
2944,2485,2025,95.0,HR
2945,2486,2024,35.0,HR
2946,2486,2023,95.0,HR
2947,2487,2023,95.0,HR
2948,2487,2025,35.0,HR
2949,2487,2024,70.0,HR
2950,2488,2024,70.0,HR
2951,2489,2023,35.0,HR
2952,2489,2024,35.0,HR
2953,2490,2025,70.0,HR
2954,2490,2023,65.0,HR
2955,2491,2024,80.0,HR
2956,2491,2023,80.0,HR
2957,2492,2025,50.0,HR
2958,2492,2023,95.0,HR
2959,2493,2025,80.0,HR
2960,2494,2024,100.0,HR
2961,2494,2023,35.0,HR
2962,2495,2023,90.0,HR
2963,2495,2025,80.0,HR
2964,2495,2024,35.0,HR
2965,2496,2024,,HR
2966,2497,2025,,HR
2967,2497,2024,70.0,HR
2968,2497,2023,,HR
2969,2498,2023,95.0,HR
2970,2499,2023,100.0,HR
2971,2499,2024,50.0,HR
2972,2499,2025,65.0,HR
2973,2500,2023,90.0,HR
2974,2500,2024,35.0,HR
2975,2500,2025,80.0,HR
